"dbn","school_name","year","total_enrollment","grade_pk_half_day_full_day","grade_k","grade_1","grade_2","grade_3","grade_4","grade_5","grade_6","grade_7","grade_8","grade_9","grade_10","grade_11","grade_12","female_1","female_2","male_1","male_2","asian_1","asian_2","black_1","black_2","hispanic_1","hispanic_2","multiple_race_categories_not_represented_1","multiple_race_categories_not_represented_2","white_1","white_2","students_with_disabilities_1","students_with_disabilities_2","english_language_learners_1","english_language_learners_2","poverty_1","poverty_2","economic_need_index"
"01M015","P.S. 015 Roberto Clemente","2013-14","190","26","39","39","21","16","26","23","0","0","0","0","0","0","0","93","48.9","97","51.1","9","4.7","72","37.9","104","54.7","2","1.1","3","1.6","65","34.2","19","10.0","171","90.0","No Data"
"01M015","P.S. 015 Roberto Clemente","2014-15","183","18","27","47","31","19","17","24","0","0","0","0","0","0","0","84","45.9","99","54.1","8","4.4","65","35.5","107","58.5","1","0.5","2","1.1","64","35.0","17","9.3","169","92.3","93.5%"
"01M015","P.S. 015 Roberto Clemente","2015-16","176","14","32","33","39","23","17","18","0","0","0","0","0","0","0","83","47.2","93","52.8","9","5.1","57","32.4","105","59.7","3","1.7","2","1.1","60","34.1","16","9.1","149","84.7","89.6%"
"01M015","P.S. 015 Roberto Clemente","2016-17","178","17","28","33","27","31","24","18","0","0","0","0","0","0","0","83","46.6","95","53.4","14","7.9","51","28.7","105","59.0","4","2.2","4","2.2","51","28.7","12","6.7","152","85.4","89.2%"
"01M015","P.S. 015 Roberto Clemente","2017-18","190","17","28","32","33","23","31","26","0","0","0","0","0","0","0","99","52.1","91","47.9","20","10.5","52","27.4","110","57.9","2","1.1","6","3.2","45","23.7","8","4.2","161","84.7","89.0%"
"01M019","P.S. 019 Asher Levy","2013-14","285","36","39","38","36","45","47","44","0","0","0","0","0","0","0","141","49.5","144","50.5","41","14.4","56","19.6","148","51.9","10","3.5","30","10.5","89","31.2","25","8.8","213","74.7","No Data"
"01M019","P.S. 019 Asher Levy","2014-15","270","30","44","40","39","35","40","42","0","0","0","0","0","0","0","132","48.9","138","51.1","30","11.1","47","17.4","158","58.5","8","3.0","27","10.0","82","30.4","18","6.7","200","74.1","60.9%"
"01M019","P.S. 019 Asher Levy","2015-16","270","21","47","43","41","43","35","40","0","0","0","0","0","0","0","125","46.3","145","53.7","27","10.0","55","20.4","169","62.6","3","1.1","16","5.9","82","30.4","13","4.8","217","80.4","63.0%"
"01M019","P.S. 019 Asher Levy","2016-17","271","24","37","46","47","40","43","34","0","0","0","0","0","0","0","127","46.9","144","53.1","24","8.9","51","18.8","180","66.4","1","0.4","15","5.5","88","32.5","9","3.3","207","76.4","58.2%"
"01M019","P.S. 019 Asher Levy","2017-18","257","13","34","38","42","46","42","42","0","0","0","0","0","0","0","114","44.4","143","55.6","23","8.9","49","19.1","166","64.6","3","1.2","16","6.2","87","33.9","8","3.1","197","76.7","67.2%"
"01M020","P.S. 020 Anna Silver","2013-14","631","54","114","111","98","109","71","74","0","0","0","0","0","0","0","305","48.3","326","51.7","223","35.3","54","8.6","314","49.8","16","2.5","24","3.8","144","22.8","104","16.5","448","71.0","No Data"
"01M020","P.S. 020 Anna Silver","2014-15","633","51","102","108","100","98","104","70","0","0","0","0","0","0","0","301","47.6","332","52.4","231","36.5","53","8.4","309","48.8","15","2.4","25","3.9","144","22.7","120","19.0","411","64.9","72.7%"
"01M020","P.S. 020 Anna Silver","2015-16","581","46","82","90","98","92","81","92","0","0","0","0","0","0","0","277","47.7","304","52.3","204","35.1","46","7.9","286","49.2","21","3.6","24","4.1","123","21.2","88","15.1","353","60.8","68.3%"
"01M020","P.S. 020 Anna Silver","2016-17","540","41","83","83","92","95","77","69","0","0","0","0","0","0","0","265","49.1","275","50.9","175","32.4","52","9.6","264","48.9","22","4.1","27","5.0","116","21.5","93","17.2","315","58.3","68.0%"
"01M020","P.S. 020 Anna Silver","2017-18","497","34","71","82","69","89","83","69","0","0","0","0","0","0","0","244","49.1","253","50.9","147","29.6","51","10.3","264","53.1","19","3.8","16","3.2","114","22.9","86","17.3","356","71.6","79.2%"
"01M034","P.S. 034 Franklin D. Roosevelt","2013-14","393","18","33","32","35","34","45","43","43","57","53","0","0","0","0","196","49.9","197","50.1","26","6.6","108","27.5","246","62.6","1","0.3","12","3.1","129","32.8","25","6.4","373","94.9","No Data"
"01M034","P.S. 034 Franklin D. Roosevelt","2014-15","395","18","40","32","29","35","32","44","63","43","59","0","0","0","0","199","50.4","196","49.6","25","6.3","110","27.8","245","62.0","1","0.3","14","3.5","119","30.1","26","6.6","381","96.5","86.0%"
"01M034","P.S. 034 Franklin D. Roosevelt","2015-16","394","18","33","41","30","27","36","33","64","62","50","0","0","0","0","200","50.8","194","49.2","18","4.6","113","28.7","249","63.2","0","0.0","14","3.6","122","31.0","29","7.4","384","97.5","86.1%"
"01M034","P.S. 034 Franklin D. Roosevelt","2016-17","350","13","21","24","37","31","29","36","38","59","62","0","0","0","0","170","48.6","180","51.4","19","5.4","102","29.1","216","61.7","2","0.6","11","3.1","130","37.1","27","7.7","348","99.4","86.8%"
"01M034","P.S. 034 Franklin D. Roosevelt","2017-18","333","13","25","18","22","47","35","36","38","41","58","0","0","0","0","150","45.0","183","55.0","11","3.3","106","31.8","204","61.3","3","0.9","9","2.7","122","36.6","25","7.5","325","97.6","93.9%"
"01M063","The STAR Academy - P.S.63","2013-14","179","18","40","33","26","23","20","19","0","0","0","0","0","0","0","93","52.0","86","48.0","13","7.3","45","25.1","101","56.4","3","1.7","17","9.5","59","33.0","8","4.5","145","81.0","No Data"
"01M063","The STAR Academy - P.S.63","2014-15","199","25","35","34","38","25","21","21","0","0","0","0","0","0","0","98","49.2","101","50.8","14","7.0","41","20.6","124","62.3","0","0.0","20","10.1","68","34.2","7","3.5","166","83.4","68.8%"
"01M063","The STAR Academy - P.S.63","2015-16","203","15","47","42","35","28","19","17","0","0","0","0","0","0","0","100","49.3","103","50.7","9","4.4","40","19.7","131","64.5","2","1.0","21","10.3","65","32.0","6","3.0","172","84.7","69.3%"
"01M063","The STAR Academy - P.S.63","2016-17","200","22","38","37","28","28","26","21","0","0","0","0","0","0","0","97","48.5","103","51.5","8","4.0","37","18.5","129","64.5","5","2.5","21","10.5","66","33.0","5","2.5","165","82.5","67.9%"
"01M063","The STAR Academy - P.S.63","2017-18","203","26","40","29","36","22","23","27","0","0","0","0","0","0","0","100","49.3","103","50.7","6","3.0","37","18.2","128","63.1","8","3.9","24","11.8","67","33.0","2","1.0","166","81.8","75.9%"
"01M064","P.S. 064 Robert Simon","2013-14","287","33","39","40","46","48","38","43","0","0","0","0","0","0","0","124","43.2","163","56.8","17","5.9","65","22.6","173","60.3","5","1.7","27","9.4","99","34.5","19","6.6","259","90.2","No Data"
"01M064","P.S. 064 Robert Simon","2014-15","282","33","35","39","44","43","46","42","0","0","0","0","0","0","0","120","42.6","162","57.4","20","7.1","51","18.1","185","65.6","5","1.8","21","7.4","93","33.0","18","6.4","266","94.3","83.3%"
"01M064","P.S. 064 Robert Simon","2015-16","258","20","36","39","37","35","43","48","0","0","0","0","0","0","0","105","40.7","153","59.3","19","7.4","49","19.0","169","65.5","2","0.8","19","7.4","85","32.9","15","5.8","240","93.0","82.4%"
"01M064","P.S. 064 Robert Simon","2016-17","247","21","46","34","37","33","32","44","0","0","0","0","0","0","0","104","42.1","143","57.9","13","5.3","48","19.4","167","67.6","3","1.2","16","6.5","81","32.8","10","4.0","239","96.8","83.0%"
"01M064","P.S. 064 Robert Simon","2017-18","245","35","27","44","37","30","36","36","0","0","0","0","0","0","0","101","41.2","144","58.8","11","4.5","51","20.8","167","68.2","3","1.2","13","5.3","71","29.0","5","2.0","223","91.0","87.6%"
"01M110","P.S. 110 Florence Nightingale","2013-14","416","36","63","85","56","74","56","46","0","0","0","0","0","0","0","201","48.3","215","51.7","57","13.7","40","9.6","183","44.0","20","4.8","116","27.9","70","16.8","20","4.8","221","53.1","No Data"
"01M110","P.S. 110 Florence Nightingale","2014-15","419","35","54","68","80","54","72","56","0","0","0","0","0","0","0","203","48.4","216","51.6","54","12.9","41","9.8","186","44.4","16","3.8","122","29.1","68","16.2","9","2.1","217","51.8","47.3%"
"01M110","P.S. 110 Florence Nightingale","2015-16","394","29","47","50","60","88","54","66","0","0","0","0","0","0","0","188","47.7","206","52.3","63","16.0","39","9.9","170","43.1","16","4.1","106","26.9","63","16.0","5","1.3","213","54.1","48.8%"
"01M110","P.S. 110 Florence Nightingale","2016-17","383","32","62","54","50","59","76","50","0","0","0","0","0","0","0","179","46.7","204","53.3","70","18.3","37","9.7","161","42.0","10","2.6","105","27.4","55","14.4","20","5.2","221","57.7","49.7%"
"01M110","P.S. 110 Florence Nightingale","2017-18","379","30","64","52","55","48","57","73","0","0","0","0","0","0","0","166","43.8","213","56.2","64","16.9","37","9.8","168","44.3","11","2.9","99","26.1","47","12.4","14","3.7","235","62.0","57.5%"
"01M134","P.S. 134 Henrietta Szold","2013-14","318","33","41","38","53","46","49","58","0","0","0","0","0","0","0","152","47.8","166","52.2","84","26.4","63","19.8","162","50.9","0","0.0","9","2.8","89","28.0","47","14.8","294","92.5","No Data"
"01M134","P.S. 134 Henrietta Szold","2014-15","255","15","28","41","38","49","41","43","0","0","0","0","0","0","0","118","46.3","137","53.7","65","25.5","49","19.2","133","52.2","0","0.0","8","3.1","82","32.2","33","12.9","238","93.3","81.6%"
"01M134","P.S. 134 Henrietta Szold","2015-16","263","15","39","33","47","40","51","38","0","0","0","0","0","0","0","125","47.5","138","52.5","56","21.3","53","20.2","145","55.1","2","0.8","7","2.7","98","37.3","31","11.8","244","92.8","81.4%"
"01M134","P.S. 134 Henrietta Szold","2016-17","354","22","29","58","51","61","59","74","0","0","0","0","0","0","0","171","48.3","183","51.7","55","15.5","71","20.1","213","60.2","5","1.4","10","2.8","143","40.4","33","9.3","319","90.1","83.5%"
"01M134","P.S. 134 Henrietta Szold","2017-18","297","20","36","27","47","52","57","58","0","0","0","0","0","0","0","131","44.1","166","55.9","33","11.1","64","21.5","182","61.3","7","2.4","11","3.7","119","40.1","26","8.8","269","90.6","89.0%"
"01M140","P.S. 140 Nathan Straus","2013-14","393","12","30","31","31","34","34","28","61","63","69","0","0","0","0","194","49.4","199","50.6","22","5.6","50","12.7","310","78.9","1","0.3","10","2.5","137","34.9","55","14.0","314","79.9","No Data"
"01M140","P.S. 140 Nathan Straus","2014-15","380","18","26","29","27","35","32","34","53","65","61","0","0","0","0","198","52.1","182","47.9","21","5.5","40","10.5","302","79.5","2","0.5","15","3.9","134","35.3","65","17.1","290","76.3","84.8%"
"01M140","P.S. 140 Nathan Straus","2015-16","376","13","26","25","29","30","34","29","69","49","72","0","0","0","0","188","50.0","188","50.0","20","5.3","47","12.5","292","77.7","4","1.1","13","3.5","132","35.1","54","14.4","296","78.7","86.1%"
"01M140","P.S. 140 Nathan Straus","2016-17","382","18","31","28","25","28","32","34","64","66","56","0","0","0","0","182","47.6","200","52.4","18","4.7","45","11.8","304","79.6","4","1.0","11","2.9","124","32.5","45","11.8","287","75.1","84.3%"
"01M140","P.S. 140 Nathan Straus","2017-18","371","18","28","29","24","24","28","29","60","65","66","0","0","0","0","182","49.1","189","50.9","21","5.7","46","12.4","292","78.7","2","0.5","10","2.7","115","31.0","36","9.7","324","87.3","90.6%"
"01M142","P.S. 142 Amalia Castro","2013-14","384","31","69","48","61","53","63","59","0","0","0","0","0","0","0","174","45.3","210","54.7","24","6.3","53","13.8","285","74.2","15","3.9","7","1.8","119","31.0","32","8.3","375","97.7","No Data"
"01M142","P.S. 142 Amalia Castro","2014-15","386","33","65","58","45","65","56","64","0","0","0","0","0","0","0","179","46.4","207","53.6","21","5.4","55","14.2","294","76.2","10","2.6","6","1.6","117","30.3","40","10.4","372","96.4","86.4%"
"01M142","P.S. 142 Amalia Castro","2015-16","354","22","56","56","52","42","67","59","0","0","0","0","0","0","0","160","45.2","194","54.8","23","6.5","40","11.3","277","78.2","6","1.7","8","2.3","132","37.3","30","8.5","341","96.3","86.9%"
"01M142","P.S. 142 Amalia Castro","2016-17","356","34","56","56","47","51","44","68","0","0","0","0","0","0","0","162","45.5","194","54.5","17","4.8","42","11.8","285","80.1","8","2.2","4","1.1","121","34.0","32","9.0","349","98.0","86.6%"
"01M142","P.S. 142 Amalia Castro","2017-18","340","32","68","56","49","44","50","41","0","0","0","0","0","0","0","152","44.7","188","55.3","8","2.4","43","12.6","281","82.6","7","2.1","1","0.3","122","35.9","27","7.9","331","97.4","90.4%"
"01M184","P.S. 184m Shuang Wen","2013-14","668","36","88","78","75","79","83","67","40","61","61","0","0","0","0","336","50.3","332","49.7","523","78.3","20","3.0","54","8.1","16","2.4","55","8.2","76","11.4","91","13.6","474","71.0","No Data"
"01M184","P.S. 184m Shuang Wen","2014-15","665","36","76","79","76","73","75","79","69","42","60","0","0","0","0","338","50.8","327","49.2","499","75.0","21","3.2","58","8.7","29","4.4","58","8.7","85","12.8","116","17.4","459","69.0","53.8%"
"01M184","P.S. 184m Shuang Wen","2015-16","663","36","63","73","77","61","63","77","84","78","51","0","0","0","0","331","49.9","332","50.1","471","71.0","24","3.6","77","11.6","34","5.1","57","8.6","121","18.3","115","17.3","468","70.6","54.9%"
"01M184","P.S. 184m Shuang Wen","2016-17","672","36","71","59","68","65","56","63","89","86","79","0","0","0","0","330","49.1","342","50.9","468","69.6","30","4.5","81","12.1","36","5.4","57","8.5","125","18.6","109","16.2","461","68.6","54.0%"
"01M184","P.S. 184m Shuang Wen","2017-18","684","35","72","69","54","72","65","53","94","83","87","0","0","0","0","341","49.9","343","50.1","475","69.4","25","3.7","92","13.5","42","6.1","50","7.3","113","16.5","103","15.1","462","67.5","64.0%"
"01M188","P.S. 188 The Island School","2013-14","501","32","48","41","47","49","51","45","49","73","66","0","0","0","0","232","46.3","269","53.7","12","2.4","140","27.9","327","65.3","1","0.2","21","4.2","141","28.1","76","15.2","437","87.2","No Data"
"01M188","P.S. 188 The Island School","2014-15","482","33","38","47","46","41","53","51","51","54","68","0","0","0","0","229","47.5","253","52.5","9","1.9","151","31.3","297","61.6","1","0.2","24","5.0","131","27.2","71","14.7","412","85.5","90.7%"
"01M188","P.S. 188 The Island School","2015-16","489","31","47","48","50","43","43","54","52","60","61","0","0","0","0","216","44.2","273","55.8","9","1.8","145","29.7","312","63.8","2","0.4","21","4.3","146","29.9","77","15.7","424","86.7","92.4%"
"01M188","P.S. 188 The Island School","2016-17","445","29","35","41","47","48","49","34","52","52","58","0","0","0","0","195","43.8","250","56.2","10","2.2","141","31.7","278","62.5","1","0.2","15","3.4","138","31.0","64","14.4","382","85.8","92.9%"
"01M188","P.S. 188 The Island School","2017-18","433","19","37","40","43","43","47","42","47","55","60","0","0","0","0","185","42.7","248","57.3","8","1.8","127","29.3","286","66.1","0","0.0","12","2.8","126","29.1","69","15.9","396","91.5","95.3%"
"01M292","Orchard Collegiate Academy","2013-14","323","0","0","0","0","0","0","0","13","19","33","59","68","68","63","129","39.9","194","60.1","44","13.6","84","26.0","172","53.3","13","4.0","10","3.1","107","33.1","64","19.8","271","83.9","No Data"
"01M292","Orchard Collegiate Academy","2014-15","255","0","0","0","0","0","0","0","17","14","19","59","52","36","58","96","37.6","159","62.4","32","12.5","66","25.9","142","55.7","6","2.4","9","3.5","83","32.5","30","11.8","227","89.0","83.9%"
"01M292","Orchard Collegiate Academy","2015-16","185","0","0","0","0","0","0","0","0","14","11","42","49","37","32","68","36.8","117","63.2","22","11.9","49","26.5","106","57.3","2","1.1","6","3.2","64","34.6","26","14.1","163","88.1","86.7%"
"01M292","Orchard Collegiate Academy","2016-17","140","0","0","0","0","0","0","0","0","0","0","40","35","31","34","53","37.9","87","62.1","21","15.0","34","24.3","77","55.0","1","0.7","7","5.0","38","27.1","20","14.3","128","91.4","84.4%"
"01M292","Orchard Collegiate Academy","2017-18","171","0","0","0","0","0","0","0","0","0","0","72","40","30","29","81","47.4","90","52.6","19","11.1","43","25.1","97","56.7","4","2.3","8","4.7","42","24.6","23","13.5","156","91.2","89.1%"
"01M301","Technology, Arts, and Sciences Studio","2013-14","158","0","0","0","0","0","0","0","46","51","61","0","0","0","0","63","39.9","95","60.1","16","10.1","39","24.7","94","59.5","4","2.5","5","3.2","57","36.1","9","5.7","144","91.1","No Data"
"01M301","Technology, Arts, and Sciences Studio","2014-15","149","0","0","0","0","0","0","0","50","45","54","0","0","0","0","67","45.0","82","55.0","12","8.1","40","26.8","87","58.4","5","3.4","5","3.4","60","40.3","10","6.7","129","86.6","78.3%"
"01M301","Technology, Arts, and Sciences Studio","2015-16","156","0","0","0","0","0","0","0","46","54","56","0","0","0","0","76","48.7","80","51.3","12","7.7","45","28.8","86","55.1","6","3.8","7","4.5","60","38.5","10","6.4","127","81.4","77.6%"
"01M301","Technology, Arts, and Sciences Studio","2016-17","127","0","0","0","0","0","0","0","27","44","56","0","0","0","0","60","47.2","67","52.8","11","8.7","41","32.3","65","51.2","4","3.1","6","4.7","56","44.1","6","4.7","98","77.2","73.7%"
"01M301","Technology, Arts, and Sciences Studio","2017-18","106","0","0","0","0","0","0","0","32","23","51","0","0","0","0","48","45.3","58","54.7","4","3.8","34","32.1","58","54.7","4","3.8","6","5.7","45","42.5","3","2.8","87","82.1","83.4%"
"01M315","The East Village Community School","2013-14","276","36","45","47","41","38","46","23","0","0","0","0","0","0","0","119","43.1","157","56.9","22","8.0","33","12.0","67","24.3","18","6.5","136","49.3","79","28.6","2","0.7","89","32.2","No Data"
"01M315","The East Village Community School","2014-15","289","36","45","48","45","44","28","43","0","0","0","0","0","0","0","131","45.3","158","54.7","29","10.0","32","11.1","64","22.1","17","5.9","147","50.9","71","24.6","4","1.4","83","28.7","34.8%"
"01M315","The East Village Community School","2015-16","299","36","49","50","47","45","45","27","0","0","0","0","0","0","0","144","48.2","155","51.8","28","9.4","26","8.7","62","20.7","19","6.4","164","54.8","59","19.7","2","0.7","66","22.1","30.0%"
"01M315","The East Village Community School","2016-17","315","36","48","49","49","44","47","42","0","0","0","0","0","0","0","155","49.2","160","50.8","32","10.2","17","5.4","61","19.4","21","6.7","184","58.4","59","18.7","4","1.3","71","22.5","27.9%"
"01M315","The East Village Community School","2017-18","318","36","46","50","50","48","40","48","0","0","0","0","0","0","0","161","50.6","157","49.4","32","10.1","17","5.3","64","20.1","22","6.9","183","57.5","55","17.3","4","1.3","80","25.2","35.1%"
"01M332","University Neighborhood Middle School","2013-14","100","0","0","0","0","0","0","0","22","33","45","0","0","0","0","46","46.0","54","54.0","5","5.0","17","17.0","75","75.0","3","3.0","0","0.0","28","28.0","24","24.0","94","94.0","No Data"
"01M332","University Neighborhood Middle School","2014-15","86","0","0","0","0","0","0","0","31","24","31","0","0","0","0","40","46.5","46","53.5","4","4.7","18","20.9","57","66.3","3","3.5","4","4.7","35","40.7","11","12.8","75","87.2","76.4%"
"01M332","University Neighborhood Middle School","2015-16","110","0","0","0","0","0","0","0","39","35","36","0","0","0","0","49","44.5","61","55.5","6","5.5","30","27.3","69","62.7","1","0.9","4","3.6","43","39.1","16","14.5","96","87.3","73.1%"
"01M332","University Neighborhood Middle School","2016-17","234","0","0","0","0","0","0","0","67","77","90","0","0","0","0","102","43.6","132","56.4","22","9.4","67","28.6","133","56.8","1","0.4","11","4.7","109","46.6","23","9.8","205","87.6","79.7%"
"01M332","University Neighborhood Middle School","2017-18","203","0","0","0","0","0","0","0","69","65","69","0","0","0","0","88","43.3","115","56.7","18","8.9","47","23.2","128","63.1","2","1.0","8","3.9","90","44.3","11","5.4","178","87.7","84.4%"
"01M361","The Children's Workshop School","2013-14","258","36","40","33","29","38","36","46","0","0","0","0","0","0","0","136","52.7","122","47.3","37","14.3","31","12.0","84","32.6","4","1.6","102","39.5","66","25.6","11","4.3","124","48.1","No Data"
"01M361","The Children's Workshop School","2014-15","255","34","44","40","34","27","41","35","0","0","0","0","0","0","0","130","51.0","125","49.0","29","11.4","29","11.4","92","36.1","4","1.6","101","39.6","61","23.9","13","5.1","119","46.7","43.0%"
"01M361","The Children's Workshop School","2015-16","267","33","47","46","39","33","26","43","0","0","0","0","0","0","0","129","48.3","138","51.7","27","10.1","28","10.5","104","39.0","6","2.2","102","38.2","65","24.3","18","6.7","128","47.9","44.3%"
"01M361","The Children's Workshop School","2016-17","295","35","59","55","48","35","35","28","0","0","0","0","0","0","0","140","47.5","155","52.5","30","10.2","29","9.8","114","38.6","14","4.7","108","36.6","67","22.7","12","4.1","142","48.1","46.9%"
"01M361","The Children's Workshop School","2017-18","315","36","57","61","48","46","35","32","0","0","0","0","0","0","0","146","46.3","169","53.7","31","9.8","29","9.2","124","39.4","20","6.3","111","35.2","67","21.3","9","2.9","142","45.1","49.0%"
"01M363","Neighborhood School","2013-14","300","18","38","44","39","51","57","53","0","0","0","0","0","0","0","142","47.3","158","52.7","29","9.7","43","14.3","92","30.7","6","2.0","130","43.3","84","28.0","10","3.3","134","44.7","No Data"
"01M363","Neighborhood School","2014-15","302","16","63","39","42","37","53","52","0","0","0","0","0","0","0","144","47.7","158","52.3","22","7.3","45","14.9","87","28.8","4","1.3","144","47.7","78","25.8","13","4.3","121","40.1","41.5%"
"01M363","Neighborhood School","2015-16","313","16","58","62","38","44","39","56","0","0","0","0","0","0","0","143","45.7","170","54.3","17","5.4","40","12.8","107","34.2","8","2.6","141","45.0","77","24.6","11","3.5","122","39.0","40.0%"
"01M363","Neighborhood School","2016-17","304","18","58","51","56","44","43","34","0","0","0","0","0","0","0","148","48.7","156","51.3","15","4.9","33","10.9","105","34.5","9","3.0","142","46.7","69","22.7","10","3.3","121","39.8","40.5%"
"01M363","Neighborhood School","2017-18","304","18","56","50","49","51","43","37","0","0","0","0","0","0","0","149","49.0","155","51.0","19","6.3","28","9.2","106","34.9","11","3.6","140","46.1","64","21.1","11","3.6","133","43.8","48.0%"
"01M364","Earth School","2013-14","318","18","54","50","46","51","50","49","0","0","0","0","0","0","0","157","49.4","161","50.6","32","10.1","36","11.3","101","31.8","26","8.2","123","38.7","62","19.5","12","3.8","132","41.5","No Data"
"01M364","Earth School","2014-15","321","18","56","51","48","44","55","49","0","0","0","0","0","0","0","160","49.8","161","50.2","24","7.5","45","14.0","109","34.0","21","6.5","122","38.0","74","23.1","15","4.7","139","43.3","41.2%"
"01M364","Earth School","2015-16","340","36","50","53","48","49","48","56","0","0","0","0","0","0","0","163","47.9","177","52.1","25","7.4","43","12.6","120","35.3","25","7.4","127","37.4","85","25.0","19","5.6","157","46.2","43.2%"
"01M364","Earth School","2016-17","331","36","48","48","56","48","49","46","0","0","0","0","0","0","0","163","49.2","168","50.8","20","6.0","43","13.0","113","34.1","28","8.5","127","38.4","85","25.7","17","5.1","164","49.5","45.2%"
"01M364","Earth School","2017-18","355","35","62","53","47","55","51","52","0","0","0","0","0","0","0","161","45.4","194","54.6","24","6.8","40","11.3","139","39.2","31","8.7","121","34.1","91","25.6","21","5.9","188","53.0","53.7%"
"01M378","School for Global Leaders","2013-14","244","0","0","0","0","0","0","0","79","72","93","0","0","0","0","112","45.9","132","54.1","32","13.1","51","20.9","152","62.3","5","2.0","4","1.6","68","27.9","39","16.0","174","71.3","No Data"
"01M378","School for Global Leaders","2014-15","235","0","0","0","0","0","0","0","81","76","78","0","0","0","0","105","44.7","130","55.3","38","16.2","54","23.0","132","56.2","5","2.1","6","2.6","77","32.8","32","13.6","170","72.3","76.8%"
"01M378","School for Global Leaders","2015-16","264","0","0","0","0","0","0","0","100","84","80","0","0","0","0","117","44.3","147","55.7","40","15.2","59","22.3","154","58.3","6","2.3","5","1.9","88","33.3","20","7.6","183","69.3","76.8%"
"01M378","School for Global Leaders","2016-17","283","0","0","0","0","0","0","0","101","97","85","0","0","0","0","126","44.5","157","55.5","41","14.5","77","27.2","156","55.1","4","1.4","5","1.8","103","36.4","29","10.2","195","68.9","75.3%"
"01M378","School for Global Leaders","2017-18","256","0","0","0","0","0","0","0","70","90","96","0","0","0","0","111","43.4","145","56.6","35","13.7","70","27.3","145","56.6","2","0.8","4","1.6","98","38.3","23","9.0","205","80.1","83.9%"
"01M448","University Neighborhood High School","2013-14","299","0","0","0","0","0","0","0","0","0","0","90","80","60","69","114","38.1","185","61.9","98","32.8","75","25.1","116","38.8","2","0.7","8","2.7","78","26.1","84","28.1","272","91.0","No Data"
"01M448","University Neighborhood High School","2014-15","304","0","0","0","0","0","0","0","0","0","0","102","100","51","51","115","37.8","189","62.2","92","30.3","74","24.3","125","41.1","2","0.7","11","3.6","67","22.0","59","19.4","272","89.5","82.0%"
"01M448","University Neighborhood High School","2015-16","343","0","0","0","0","0","0","0","0","0","0","120","105","69","49","148","43.1","195","56.9","96","28.0","93","27.1","142","41.4","2","0.6","10","2.9","68","19.8","47","13.7","303","88.3","76.4%"
"01M448","University Neighborhood High School","2016-17","392","0","0","0","0","0","0","0","0","0","0","136","111","78","67","176","44.9","216","55.1","119","30.4","94","24.0","166","42.3","2","0.5","11","2.8","58","14.8","35","8.9","351","89.5","75.4%"
"01M650","Cascades High School","2013-14","222","0","0","0","0","0","0","0","0","0","0","11","138","49","24","130","58.6","92","41.4","3","1.4","100","45.0","107","48.2","1","0.5","11","5.0","19","8.6","4","1.8","176","79.3","No Data"
"01M448","University Neighborhood High School","2017-18","465","0","0","0","0","0","0","0","0","0","0","160","130","94","81","198","42.6","267","57.4","141","30.3","100","21.5","206","44.3","3","0.6","15","3.2","79","17.0","46","9.9","406","87.3","81.8%"
"01M450","East Side Community School","2013-14","649","0","0","0","0","0","0","0","90","89","82","101","100","91","96","320","49.3","329","50.7","64","9.9","146","22.5","370","57.0","8","1.2","61","9.4","188","29.0","12","1.8","486","74.9","No Data"
"01M450","East Side Community School","2014-15","666","0","0","0","0","0","0","0","103","91","87","94","101","93","97","313","47.0","353","53.0","62","9.3","143","21.5","376","56.5","13","2.0","72","10.8","183","27.5","8","1.2","494","74.2","59.8%"
"01M450","East Side Community School","2015-16","677","0","0","0","0","0","0","0","95","103","93","103","96","97","90","334","49.3","343","50.7","73","10.8","139","20.5","361","53.3","23","3.4","81","12.0","191","28.2","6","0.9","471","69.6","59.2%"
"01M450","East Side Community School","2016-17","699","0","0","0","0","0","0","0","108","91","107","107","96","101","89","335","47.9","364","52.1","78","11.2","126","18.0","381","54.5","21","3.0","93","13.3","200","28.6","4","0.6","475","68.0","58.0%"
"01M450","East Side Community School","2017-18","683","0","0","0","0","0","0","0","99","105","94","95","100","93","97","317","46.4","366","53.6","81","11.9","113","16.5","367","53.7","22","3.2","100","14.6","180","26.4","6","0.9","442","64.7","62.3%"
"01M458","Forsyth Satellite Academy","2013-14","224","0","0","0","0","0","0","0","0","0","0","28","70","66","60","120","53.6","104","46.4","5","2.2","83","37.1","127","56.7","1","0.4","8","3.6","32","14.3","10","4.5","180","80.4","No Data"
"01M458","Forsyth Satellite Academy","2014-15","179","0","0","0","0","0","0","0","0","0","0","29","49","47","54","102","57.0","77","43.0","2","1.1","76","42.5","97","54.2","1","0.6","3","1.7","31","17.3","16","8.9","147","82.1","73.3%"
"01M458","Forsyth Satellite Academy","2015-16","215","0","0","0","0","0","0","0","0","0","0","17","85","50","63","126","58.6","89","41.4","3","1.4","79","36.7","129","60.0","1","0.5","3","1.4","45","20.9","15","7.0","153","71.2","71.9%"
"01M458","Forsyth Satellite Academy","2016-17","212","0","0","0","0","0","0","0","0","0","0","11","53","74","74","123","58.0","89","42.0","1","0.5","76","35.8","127","59.9","1","0.5","7","3.3","45","21.2","11","5.2","145","68.4","65.1%"
"01M458","Forsyth Satellite Academy","2017-18","203","0","0","0","0","0","0","0","0","0","0","16","65","79","43","117","57.6","86","42.4","1","0.5","70","34.5","121","59.6","2","1.0","9","4.4","57","28.1","16","7.9","174","85.7","84.0%"
"01M509","Marta Valle High School","2013-14","401","0","0","0","0","0","0","0","0","0","0","150","109","77","65","243","60.6","158","39.4","26","6.5","165","41.1","196","48.9","7","1.7","7","1.7","97","24.2","33","8.2","337","84.0","No Data"
"01M509","Marta Valle High School","2014-15","363","0","0","0","0","0","0","0","0","0","0","112","119","52","80","206","56.7","157","43.3","21","5.8","145","39.9","185","51.0","2","0.6","10","2.8","103","28.4","33","9.1","312","86.0","76.6%"
"01M509","Marta Valle High School","2015-16","272","0","0","0","0","0","0","0","0","0","0","81","83","50","58","166","61.0","106","39.0","9","3.3","115","42.3","142","52.2","1","0.4","5","1.8","76","27.9","22","8.1","245","90.1","78.8%"
"01M509","Marta Valle High School","2016-17","204","0","0","0","0","0","0","0","0","0","0","51","58","47","48","126","61.8","78","38.2","6","2.9","72","35.3","121","59.3","1","0.5","4","2.0","60","29.4","18","8.8","186","91.2","76.2%"
"01M509","Marta Valle High School","2017-18","148","0","0","0","0","0","0","0","0","0","0","39","33","38","38","88","59.5","60","40.5","7","4.7","47","31.8","88","59.5","2","1.4","4","2.7","38","25.7","10","6.8","138","93.2","82.2%"
"01M515","Lower East Side Preparatory High School","2013-14","551","0","0","0","0","0","0","0","0","0","0","0","216","219","116","236","42.8","315","57.2","380","69.0","48","8.7","109","19.8","9","1.6","5","0.9","13","2.4","409","74.2","236","42.8","No Data"
"01M515","Lower East Side Preparatory High School","2014-15","528","0","0","0","0","0","0","0","0","0","0","0","181","192","155","228","43.2","300","56.8","343","65.0","48","9.1","125","23.7","5","0.9","7","1.3","20","3.8","365","69.1","203","38.4","88.4%"
"01M515","Lower East Side Preparatory High School","2015-16","564","0","0","0","0","0","0","0","0","0","0","0","216","190","158","252","44.7","312","55.3","333","59.0","68","12.1","149","26.4","6","1.1","8","1.4","29","5.1","354","62.8","198","35.1","89.4%"
"01M515","Lower East Side Preparatory High School","2016-17","559","0","0","0","0","0","0","0","0","0","0","0","276","146","137","248","44.4","311","55.6","347","62.1","60","10.7","139","24.9","3","0.5","10","1.8","30","5.4","390","69.8","186","33.3","90.1%"
"01M515","Lower East Side Preparatory High School","2017-18","557","0","0","0","0","0","0","0","0","0","0","0","212","200","145","237","42.5","320","57.5","318","57.1","58","10.4","165","29.6","6","1.1","10","1.8","26","4.7","391","70.2","417","74.9","95.1%"
"01M539","New Explorations into Science, Technology and Math","2013-14","1725","0","98","111","112","116","138","112","156","138","134","179","196","123","112","885","51.3","840","48.7","559","32.4","160","9.3","195","11.3","69","4.0","742","43.0","67","3.9","5","0.3","479","27.8","No Data"
"01M539","New Explorations into Science, Technology and Math","2014-15","1735","0","100","112","114","115","113","134","150","137","137","121","189","194","119","894","51.5","841","48.5","577","33.3","158","9.1","190","11.0","88","5.1","722","41.6","66","3.8","2","0.1","490","28.2","25.7%"
"01M539","New Explorations into Science, Technology and Math","2015-16","1753","0","123","111","113","115","117","116","144","122","137","143","139","185","188","885","50.5","868","49.5","579","33.0","153","8.7","198","11.3","91","5.2","732","41.8","82","4.7","7","0.4","478","27.3","25.5%"
"01M539","New Explorations into Science, Technology and Math","2016-17","1745","0","100","151","124","118","113","113","154","137","121","161","149","126","178","866","49.6","879","50.4","579","33.2","140","8.0","193","11.1","113","6.5","720","41.3","107","6.1","7","0.4","441","25.3","23.3%"
"01M539","New Explorations into Science, Technology and Math","2017-18","1734","0","100","116","149","122","116","112","152","149","136","145","163","146","128","831","47.9","903","52.1","575","33.2","134","7.7","204","11.8","129","7.4","692","39.9","139","8.0","14","0.8","395","22.8","27.8%"
"01M650","Cascades High School","2014-15","230","0","0","0","0","0","0","0","0","0","0","13","63","91","63","134","58.3","96","41.7","8","3.5","89","38.7","120","52.2","2","0.9","11","4.8","19","8.3","5","2.2","172","74.8","68.7%"
"01M650","Cascades High School","2015-16","233","0","0","0","0","0","0","0","0","0","0","7","62","65","99","136","58.4","97","41.6","9","3.9","78","33.5","129","55.4","2","0.9","15","6.4","20","8.6","8","3.4","172","73.8","64.1%"
"01M650","Cascades High School","2016-17","239","0","0","0","0","0","0","0","0","0","0","29","56","74","80","124","51.9","115","48.1","9","3.8","82","34.3","131","54.8","4","1.7","13","5.4","29","12.1","6","2.5","185","77.4","70.0%"
"01M650","Cascades High School","2017-18","241","0","0","0","0","0","0","0","0","0","0","34","80","73","54","132","54.8","109","45.2","10","4.1","95","39.4","127","52.7","4","1.7","5","2.1","33","13.7","7","2.9","201","83.4","84.8%"
"01M696","Bard High School Early College","2013-14","560","0","0","0","0","0","0","0","0","0","0","107","152","154","147","341","60.9","219","39.1","90","16.1","77","13.8","106","18.9","19","3.4","268","47.9","4","0.7","2","0.4","162","28.9","No Data"
"01M696","Bard High School Early College","2014-15","545","0","0","0","0","0","0","0","0","0","0","129","129","134","153","326","59.8","219","40.2","93","17.1","94","17.2","101","18.5","9","1.7","248","45.5","6","1.1","0","0.0","191","35.0","31.0%"
"01M696","Bard High School Early College","2015-16","535","0","0","0","0","0","0","0","0","0","0","147","139","119","130","315","58.9","220","41.1","122","22.8","86","16.1","88","16.4","11","2.1","228","42.6","5","0.9","0","0.0","222","41.5","37.3%"
"01M696","Bard High School Early College","2016-17","548","0","0","0","0","0","0","0","0","0","0","140","154","140","114","338","61.7","210","38.3","141","25.7","88","16.1","97","17.7","9","1.6","213","38.9","16","2.9","0","0.0","250","45.6","38.2%"
"01M696","Bard High School Early College","2017-18","588","0","0","0","0","0","0","0","0","0","0","168","136","152","132","371","63.1","217","36.9","167","28.4","80","13.6","100","17.0","11","1.9","230","39.1","29","4.9","1","0.2","256","43.5","40.8%"
"01M839","Tompkins Square Middle School","2013-14","377","0","0","0","0","0","0","0","124","123","130","0","0","0","0","204","54.1","173","45.9","86","22.8","58","15.4","159","42.2","9","2.4","65","17.2","101","26.8","18","4.8","261","69.2","No Data"
"01M839","Tompkins Square Middle School","2014-15","368","0","0","0","0","0","0","0","123","123","122","0","0","0","0","191","51.9","177","48.1","81","22.0","53","14.4","149","40.5","14","3.8","71","19.3","96","26.1","13","3.5","255","69.3","59.9%"
"01M839","Tompkins Square Middle School","2015-16","371","0","0","0","0","0","0","0","127","124","120","0","0","0","0","195","52.6","176","47.4","87","23.5","59","15.9","138","37.2","12","3.2","75","20.2","90","24.3","11","3.0","257","69.3","59.4%"
"01M839","Tompkins Square Middle School","2016-17","374","0","0","0","0","0","0","0","128","124","122","0","0","0","0","200","53.5","174","46.5","99","26.5","60","16.0","132","35.3","11","2.9","72","19.3","103","27.5","14","3.7","251","67.1","58.4%"
"01M839","Tompkins Square Middle School","2017-18","373","0","0","0","0","0","0","0","125","122","126","0","0","0","0","198","53.1","175","46.9","86","23.1","51","13.7","144","38.6","14","3.8","78","20.9","99","26.5","8","2.1","257","68.9","67.4%"
"02M001","P.S. 001 Alfred E. Smith","2013-14","496","53","70","73","77","76","68","79","0","0","0","0","0","0","0","236","47.6","260","52.4","338","68.1","55","11.1","97","19.6","5","1.0","1","0.2","99","20.0","161","32.5","350","70.6","No Data"
"02M001","P.S. 001 Alfred E. Smith","2014-15","465","57","69","64","61","67","79","68","0","0","0","0","0","0","0","214","46.0","251","54.0","310","66.7","52","11.2","95","20.4","2","0.4","6","1.3","81","17.4","146","31.4","311","66.9","70.9%"
"02M001","P.S. 001 Alfred E. Smith","2015-16","400","28","48","58","60","61","70","75","0","0","0","0","0","0","0","189","47.2","211","52.7","257","64.2","49","12.3","87","21.8","3","0.7","4","1.0","101","25.2","100","25.0","246","61.5","67.5%"
"02M001","P.S. 001 Alfred E. Smith","2016-17","356","34","50","48","55","53","53","63","0","0","0","0","0","0","0","178","50.0","178","50.0","216","60.7","41","11.5","84","23.6","4","1.1","11","3.1","89","25.0","83","23.3","204","57.3","65.6%"
"02M001","P.S. 001 Alfred E. Smith","2017-18","318","24","44","51","46","47","55","51","0","0","0","0","0","0","0","158","49.7","160","50.3","170","53.5","56","17.6","82","25.8","4","1.3","6","1.9","81","25.5","64","20.1","250","78.6","82.7%"
"02M002","P.S. 002 Meyer London","2013-14","822","35","118","150","124","130","125","140","0","0","0","0","0","0","0","392","47.7","430","52.3","707","86.0","35","4.3","66","8.0","0","0.0","14","1.7","135","16.4","387","47.1","792","96.4","No Data"
"02M002","P.S. 002 Meyer London","2014-15","760","33","96","116","149","120","127","119","0","0","0","0","0","0","0","355","46.7","405","53.3","651","85.7","33","4.3","64","8.4","0","0.0","12","1.6","137","18.0","317","41.7","740","97.4","82.0%"
"02M002","P.S. 002 Meyer London","2015-16","672","21","86","84","107","139","117","118","0","0","0","0","0","0","0","313","46.6","359","53.4","573","85.3","27","4.0","63","9.4","1","0.1","8","1.2","137","20.4","241","35.9","649","96.6","79.8%"
"02M002","P.S. 002 Meyer London","2016-17","603","36","77","76","81","98","129","106","0","0","0","0","0","0","0","283","46.9","320","53.1","487","80.8","34","5.6","75","12.4","0","0.0","7","1.2","121","20.1","191","31.7","579","96.0","79.6%"
"02M002","P.S. 002 Meyer London","2017-18","552","22","88","69","81","79","93","120","0","0","0","0","0","0","0","261","47.3","291","52.7","434","78.6","29","5.3","82","14.9","2","0.4","5","0.9","119","21.6","180","32.6","533","96.6","90.2%"
"02M003","P.S. 003 Charrette School","2013-14","808","48","126","130","163","108","120","113","0","0","0","0","0","0","0","394","48.8","414","51.2","57","7.1","41","5.1","106","13.1","54","6.7","550","68.1","156","19.3","31","3.8","128","15.8","No Data"
"02M003","P.S. 003 Charrette School","2014-15","809","51","112","142","122","159","111","112","0","0","0","0","0","0","0","393","48.6","416","51.4","52","6.4","44","5.4","95","11.7","53","6.6","565","69.8","150","18.5","35","4.3","132","16.3","16.0%"
"02M003","P.S. 003 Charrette School","2015-16","789","53","129","108","126","118","156","99","0","0","0","0","0","0","0","375","47.5","414","52.5","56","7.1","42","5.3","97","12.3","41","5.2","553","70.1","152","19.3","34","4.3","132","16.7","13.9%"
"02M003","P.S. 003 Charrette School","2016-17","778","50","132","118","103","117","111","147","0","0","0","0","0","0","0","393","50.5","385","49.5","52","6.7","42","5.4","105","13.5","41","5.3","538","69.2","146","18.8","32","4.1","115","14.8","14.0%"
"02M003","P.S. 003 Charrette School","2017-18","753","54","126","134","113","98","120","108","0","0","0","0","0","0","0","369","49.0","384","51.0","65","8.6","43","5.7","104","13.8","39","5.2","502","66.7","139","18.5","24","3.2","157","20.8","19.0%"
"02M006","P.S. 006 Lillie D. Blake","2013-14","751","0","122","136","130","134","108","121","0","0","0","0","0","0","0","354","47.1","397","52.9","78","10.4","17","2.3","66","8.8","41","5.5","549","73.1","131","17.4","11","1.5","44","5.9","No Data"
"02M006","P.S. 006 Lillie D. Blake","2014-15","726","0","117","126","136","126","126","95","0","0","0","0","0","0","0","335","46.1","391","53.9","82","11.3","18","2.5","54","7.4","25","3.4","547","75.3","123","16.9","18","2.5","55","7.6","10.3%"
"02M006","P.S. 006 Lillie D. Blake","2015-16","700","0","105","113","120","124","124","114","0","0","0","0","0","0","0","321","45.9","379","54.1","91","13.0","15","2.1","50","7.1","18","2.6","526","75.1","135","19.3","13","1.9","46","6.6","9.9%"
"02M006","P.S. 006 Lillie D. Blake","2016-17","683","40","100","99","104","112","119","109","0","0","0","0","0","0","0","330","48.3","353","51.7","89","13.0","14","2.0","50","7.3","18","2.6","512","75.0","114","16.7","22","3.2","44","6.4","9.7%"
"02M006","P.S. 006 Lillie D. Blake","2017-18","694","78","100","105","93","97","106","115","0","0","0","0","0","0","0","340","49.0","354","51.0","103","14.8","17","2.4","45","6.5","12","1.7","517","74.5","102","14.7","20","2.9","80","11.5","12.3%"
"02M011","P.S. 011 William T. Harris","2013-14","820","18","158","158","139","134","102","111","0","0","0","0","0","0","0","373","45.5","447","54.5","105","12.8","78","9.5","221","27.0","18","2.2","398","48.5","122","14.9","25","3.0","261","31.8","No Data"
"02M011","P.S. 011 William T. Harris","2014-15","872","18","127","167","181","144","132","103","0","0","0","0","0","0","0","391","44.8","481","55.2","111","12.7","64","7.3","242","27.8","31","3.6","424","48.6","127","14.6","31","3.6","255","29.2","30.5%"
"02M011","P.S. 011 William T. Harris","2015-16","921","18","146","133","161","186","148","129","0","0","0","0","0","0","0","434","47.1","487","52.9","133","14.4","63","6.8","234","25.4","39","4.2","452","49.1","127","13.8","32","3.5","260","28.2","30.7%"
"02M011","P.S. 011 William T. Harris","2016-17","931","18","146","154","131","156","181","145","0","0","0","0","0","0","0","464","49.8","467","50.2","139","14.9","68","7.3","224","24.1","42","4.5","458","49.2","125","13.4","32","3.4","262","28.1","29.2%"
"02M011","P.S. 011 William T. Harris","2017-18","923","18","140","155","146","131","150","183","0","0","0","0","0","0","0","463","50.2","460","49.8","146","15.8","57","6.2","223","24.2","60","6.5","437","47.3","122","13.2","30","3.3","271","29.4","33.6%"
"02M033","P.S. 033 Chelsea Prep","2013-14","576","36","100","95","106","100","68","71","0","0","0","0","0","0","0","298","51.7","278","48.3","144","25.0","84","14.6","171","29.7","37","6.4","140","24.3","71","12.3","32","5.6","300","52.1","No Data"
"02M033","P.S. 033 Chelsea Prep","2014-15","634","36","102","113","92","113","109","69","0","0","0","0","0","0","0","321","50.6","313","49.4","158","24.9","75","11.8","197","31.1","43","6.8","161","25.4","78","12.3","33","5.2","314","49.5","42.4%"
"02M033","P.S. 033 Chelsea Prep","2015-16","639","30","90","107","111","94","103","104","0","0","0","0","0","0","0","323","50.5","316","49.5","161","25.2","76","11.9","190","29.7","43","6.7","169","26.4","83","13.0","25","3.9","298","46.6","40.0%"
"02M033","P.S. 033 Chelsea Prep","2016-17","622","34","87","93","113","102","93","100","0","0","0","0","0","0","0","323","51.9","299","48.1","142","22.8","89","14.3","178","28.6","54","8.7","159","25.6","87","14.0","20","3.2","286","46.0","41.9%"
"02M033","P.S. 033 Chelsea Prep","2017-18","650","36","100","96","98","121","102","97","0","0","0","0","0","0","0","342","52.6","308","47.4","147","22.6","117","18.0","183","28.2","54","8.3","149","22.9","101","15.5","29","4.5","309","47.5","49.3%"
"02M040","P.S. 040 Augustus Saint-Gaudens","2013-14","594","0","123","104","96","107","90","74","0","0","0","0","0","0","0","283","47.6","311","52.4","59","9.9","19","3.2","81","13.6","37","6.2","398","67.0","102","17.2","7","1.2","69","11.6","No Data"
"02M040","P.S. 040 Augustus Saint-Gaudens","2014-15","624","18","116","114","97","96","96","87","0","0","0","0","0","0","0","313","50.2","311","49.8","57","9.1","18","2.9","85","13.6","63","10.1","401","64.3","114","18.3","9","1.4","54","8.7","12.6%"
"02M040","P.S. 040 Augustus Saint-Gaudens","2015-16","631","36","99","100","108","97","95","96","0","0","0","0","0","0","0","324","51.3","307","48.7","54","8.6","18","2.9","84","13.3","73","11.6","402","63.7","115","18.2","16","2.5","53","8.4","12.4%"
"02M040","P.S. 040 Augustus Saint-Gaudens","2016-17","650","35","126","103","94","103","96","93","0","0","0","0","0","0","0","336","51.7","314","48.3","70","10.8","18","2.8","93","14.3","67","10.3","402","61.8","119","18.3","25","3.8","54","8.3","12.5%"
"02M040","P.S. 040 Augustus Saint-Gaudens","2017-18","673","36","127","125","96","96","97","96","0","0","0","0","0","0","0","346","51.4","327","48.6","80","11.9","10","1.5","95","14.1","73","10.8","415","61.7","107","15.9","21","3.1","63","9.4","15.9%"
"02M041","P.S. 041 Greenwich Village","2013-14","791","30","126","125","123","122","147","118","0","0","0","0","0","0","0","406","51.3","385","48.7","79","10.0","19","2.4","71","9.0","59","7.5","563","71.2","145","18.3","12","1.5","40","5.1","No Data"
"02M041","P.S. 041 Greenwich Village","2014-15","757","35","100","134","122","116","116","134","0","0","0","0","0","0","0","388","51.3","369","48.7","71","9.4","16","2.1","72","9.5","80","10.6","518","68.4","128","16.9","9","1.2","31","4.1","5.1%"
"02M041","P.S. 041 Greenwich Village","2015-16","721","36","121","91","131","115","118","109","0","0","0","0","0","0","0","375","52.0","346","48.0","66","9.2","13","1.8","69","9.6","75","10.4","498","69.1","121","16.8","14","1.9","29","4.0","4.5%"
"02M041","P.S. 041 Greenwich Village","2016-17","699","36","97","124","91","125","114","112","0","0","0","0","0","0","0","379","54.2","320","45.8","57","8.2","13","1.9","62","8.9","84","12.0","483","69.1","113","16.2","10","1.4","31","4.4","4.3%"
"02M041","P.S. 041 Greenwich Village","2017-18","694","36","119","100","119","90","123","107","0","0","0","0","0","0","0","376","54.2","318","45.8","54","7.8","9","1.3","72","10.4","80","11.5","479","69.0","101","14.6","11","1.6","60","8.6","7.3%"
"02M042","P.S. 042 Benjamin Altman","2013-14","792","36","101","150","129","136","116","124","0","0","0","0","0","0","0","362","45.7","430","54.3","741","93.6","10","1.3","26","3.3","0","0.0","15","1.9","106","13.4","239","30.2","560","70.7","No Data"
"02M042","P.S. 042 Benjamin Altman","2014-15","776","36","105","104","139","135","133","124","0","0","0","0","0","0","0","358","46.1","418","53.9","716","92.3","7","0.9","29","3.7","4","0.5","20","2.6","118","15.2","230","29.6","520","67.0","74.5%"
"02M042","P.S. 042 Benjamin Altman","2015-16","737","46","102","99","94","132","132","132","0","0","0","0","0","0","0","341","46.3","396","53.7","686","93.1","2","0.3","30","4.1","4","0.5","15","2.0","122","16.6","202","27.4","455","61.7","72.8%"
"02M042","P.S. 042 Benjamin Altman","2016-17","654","38","94","90","94","89","122","127","0","0","0","0","0","0","0","312","47.7","342","52.3","598","91.4","4","0.6","34","5.2","4","0.6","14","2.1","118","18.0","209","32.0","371","56.7","69.8%"
"02M042","P.S. 042 Benjamin Altman","2017-18","653","42","112","99","95","90","86","129","0","0","0","0","0","0","0","307","47.0","346","53.0","579","88.7","9","1.4","44","6.7","5","0.8","16","2.5","110","16.8","225","34.5","493","75.5","81.6%"
"02M047","47 The American Sign Language and English Secondar","2013-14","184","0","0","0","0","0","0","0","0","0","0","43","69","29","43","110","59.8","74","40.2","5","2.7","49","26.6","120","65.2","2","1.1","8","4.3","59","32.1","13","7.1","155","84.2","No Data"
"02M047","47 The American Sign Language and English Secondar","2014-15","169","0","0","0","0","0","0","0","0","0","0","44","50","68","7","109","64.5","60","35.5","2","1.2","48","28.4","109","64.5","1","0.6","9","5.3","43","25.4","8","4.7","141","83.4","72.9%"
"02M047","47 The American Sign Language and English Secondar","2015-16","186","0","0","0","0","0","0","0","0","0","0","50","39","52","45","121","65.1","65","34.9","3","1.6","50","26.9","118","63.4","3","1.6","12","6.5","44","23.7","11","5.9","159","85.5","68.9%"
"02M047","47 The American Sign Language and English Secondar","2016-17","179","0","0","0","0","0","0","0","0","0","0","56","51","37","35","130","72.6","49","27.4","3","1.7","55","30.7","110","61.5","3","1.7","8","4.5","46","25.7","9","5.0","160","89.4","72.9%"
"02M047","47 The American Sign Language and English Secondar","2017-18","165","0","0","0","0","1","0","0","0","0","0","38","57","32","37","123","74.5","42","25.5","3","1.8","47","28.5","107","64.8","3","1.8","5","3.0","51","30.9","13","7.9","145","87.9","82.7%"
"02M051","P.S. 051 Elias Howe","2013-14","304","18","51","44","44","43","45","59","0","0","0","0","0","0","0","141","46.4","163","53.6","59","19.4","40","13.2","151","49.7","10","3.3","44","14.5","93","30.6","36","11.8","171","56.3","No Data"
"02M051","P.S. 051 Elias Howe","2014-15","350","36","53","55","46","57","54","49","0","0","0","0","0","0","0","172","49.1","178","50.9","74","21.1","43","12.3","166","47.4","7","2.0","60","17.1","91","26.0","43","12.3","209","59.7","58.2%"
"02M051","P.S. 051 Elias Howe","2015-16","370","48","52","48","62","47","59","54","0","0","0","0","0","0","0","176","47.6","194","52.4","87","23.5","45","12.2","157","42.4","8","2.2","73","19.7","93","25.1","35","9.5","176","47.6","47.8%"
"02M051","P.S. 051 Elias Howe","2016-17","389","49","70","53","50","59","51","57","0","0","0","0","0","0","0","208","53.5","181","46.5","81","20.8","47","12.1","177","45.5","6","1.5","78","20.1","86","22.1","38","9.8","182","46.8","48.7%"
"02M051","P.S. 051 Elias Howe","2017-18","453","68","66","73","62","59","64","61","0","0","0","0","0","0","0","232","51.2","221","48.8","81","17.9","72","15.9","205","45.3","14","3.1","81","17.9","90","19.9","35","7.7","265","58.5","60.0%"
"02M059","P.S. 059 Beekman Hill International","2013-14","598","0","95","116","102","92","103","90","0","0","0","0","0","0","0","287","48.0","311","52.0","66","11.0","18","3.0","93","15.6","48","8.0","373","62.4","96","16.1","40","6.7","72","12.0","No Data"
"02M059","P.S. 059 Beekman Hill International","2014-15","596","0","104","89","110","98","94","101","0","0","0","0","0","0","0","273","45.8","323","54.2","78","13.1","14","2.3","85","14.3","59","9.9","360","60.4","106","17.8","28","4.7","66","11.1","6.5%"
"02M059","P.S. 059 Beekman Hill International","2015-16","573","0","102","102","76","101","95","97","0","0","0","0","0","0","0","273","47.6","300","52.4","88","15.4","12","2.1","74","12.9","59","10.3","340","59.3","105","18.3","23","4.0","66","11.5","6.7%"
"02M059","P.S. 059 Beekman Hill International","2016-17","576","0","117","97","100","67","99","96","0","0","0","0","0","0","0","282","49.0","294","51.0","95","16.5","11","1.9","66","11.5","59","10.2","345","59.9","111","19.3","21","3.6","56","9.7","5.0%"
"02M059","P.S. 059 Beekman Hill International","2017-18","614","20","118","104","112","101","62","97","0","0","0","0","0","0","0","313","51.0","301","49.0","108","17.6","8","1.3","64","10.4","57","9.3","377","61.4","92","15.0","23","3.7","54","8.8","8.0%"
"02M077","P.S. 77 Lower Lab School","2013-14","348","0","49","60","60","60","62","57","0","0","0","0","0","0","0","188","54.0","160","46.0","74","21.3","3","0.9","26","7.5","28","8.0","217","62.4","44","12.6","0","0.0","23","6.6","No Data"
"02M077","P.S. 77 Lower Lab School","2014-15","350","0","52","59","62","60","55","62","0","0","0","0","0","0","0","184","52.6","166","47.4","79","22.6","3","0.9","22","6.3","28","8.0","218","62.3","45","12.9","0","0.0","18","5.1","8.0%"
"02M077","P.S. 77 Lower Lab School","2015-16","345","0","49","61","60","62","60","53","0","0","0","0","0","0","0","175","50.7","170","49.3","93","27.0","1","0.3","18","5.2","31","9.0","202","58.6","40","11.6","0","0.0","15","4.3","6.5%"
"02M077","P.S. 77 Lower Lab School","2016-17","359","0","50","64","64","63","60","58","0","0","0","0","0","0","0","179","49.9","180","50.1","108","30.1","1","0.3","17","4.7","38","10.6","195","54.3","41","11.4","1","0.3","15","4.2","7.8%"
"02M077","P.S. 77 Lower Lab School","2017-18","358","0","50","60","64","64","63","57","0","0","0","0","0","0","0","174","48.6","184","51.4","112","31.3","1","0.3","22","6.1","42","11.7","181","50.6","34","9.5","0","0.0","20","5.6","9.4%"
"02M089","P.S. 89","2013-14","472","36","115","67","71","63","43","77","0","0","0","0","0","0","0","218","46.2","254","53.8","65","13.8","7","1.5","72","15.3","31","6.6","297","62.9","85","18.0","15","3.2","19","4.0","No Data"
"02M089","P.S. 89","2014-15","442","36","86","98","64","66","52","40","0","0","0","0","0","0","0","213","48.2","229","51.8","64","14.5","10","2.3","66","14.9","28","6.3","274","62.0","70","15.8","19","4.3","17","3.8","5.7%"
"02M089","P.S. 89","2015-16","425","36","70","69","86","52","62","50","0","0","0","0","0","0","0","195","45.9","230","54.1","70","16.5","8","1.9","61","14.4","22","5.2","264","62.1","70","16.5","19","4.5","15","3.5","5.2%"
"02M089","P.S. 89","2016-17","412","36","75","55","65","76","48","57","0","0","0","0","0","0","0","199","48.3","213","51.7","67","16.3","9","2.2","66","16.0","19","4.6","251","60.9","72","17.5","16","3.9","12","2.9","5.3%"
"02M089","P.S. 89","2017-18","433","36","97","64","53","62","76","45","0","0","0","0","0","0","0","212","49.0","221","51.0","75","17.3","7","1.6","62","14.3","34","7.9","255","58.9","59","13.6","20","4.6","85","19.6","6.9%"
"02M104","J.H.S. 104 Simon Baruch","2013-14","1034","0","0","0","0","0","0","0","323","330","381","0","0","0","0","487","47.1","547","52.9","520","50.3","102","9.9","197","19.1","14","1.4","201","19.4","184","17.8","72","7.0","689","66.6","No Data"
"02M104","J.H.S. 104 Simon Baruch","2014-15","1073","0","0","0","0","0","0","0","391","342","340","0","0","0","0","517","48.2","556","51.8","479","44.6","95","8.9","216","20.1","21","2.0","262","24.4","183","17.1","69","6.4","667","62.2","49.8%"
"02M104","J.H.S. 104 Simon Baruch","2015-16","1113","0","0","0","0","0","0","0","366","401","346","0","0","0","0","489","43.9","624","56.1","441","39.6","90","8.1","235","21.1","35","3.1","312","28.0","199","17.9","52","4.7","621","55.8","43.3%"
"02M104","J.H.S. 104 Simon Baruch","2016-17","1145","0","0","0","0","0","0","0","373","369","403","0","0","0","0","514","44.9","631","55.1","412","36.0","86","7.5","215","18.8","44","3.8","388","33.9","201","17.6","53","4.6","529","46.2","35.9%"
"02M104","J.H.S. 104 Simon Baruch","2017-18","1134","0","0","0","0","0","0","0","368","378","388","0","0","0","0","529","46.6","605","53.4","382","33.7","85","7.5","215","19.0","59","5.2","393","34.7","193","17.0","47","4.1","497","43.8","41.8%"
"02M111","P.S. 111 Adolph S. Ochs","2013-14","533","36","56","42","56","53","49","49","59","66","67","0","0","0","0","268","50.3","265","49.7","65","12.2","87","16.3","307","57.6","9","1.7","65","12.2","153","28.7","83","15.6","337","63.2","No Data"
"02M111","P.S. 111 Adolph S. Ochs","2014-15","465","45","58","51","45","52","48","48","0","54","64","0","0","0","0","236","50.8","229","49.2","69","14.8","76","16.3","257","55.3","10","2.2","53","11.4","137","29.5","54","11.6","282","60.6","62.4%"
"02M111","P.S. 111 Adolph S. Ochs","2015-16","393","37","59","51","43","48","52","51","0","0","52","0","0","0","0","192","48.9","201","51.1","71","18.1","63","16.0","195","49.6","14","3.6","50","12.7","117","29.8","48","12.2","197","50.1","52.5%"
"02M111","P.S. 111 Adolph S. Ochs","2016-17","334","43","42","57","48","45","47","52","0","0","0","0","0","0","0","158","47.3","176","52.7","57","17.1","47","14.1","157","47.0","11","3.3","62","18.6","84","25.1","51","15.3","173","51.8","52.7%"
"02M111","P.S. 111 Adolph S. Ochs","2017-18","395","46","58","48","76","51","58","58","0","0","0","0","0","0","0","177","44.8","218","55.2","66","16.7","59","14.9","188","47.6","15","3.8","67","17.0","80","20.3","49","12.4","238","60.3","61.7%"
"02M114","East Side Middle School","2013-14","443","0","0","0","0","0","0","0","156","144","143","0","0","0","0","232","52.4","211","47.6","54","12.2","15","3.4","44","9.9","7","1.6","323","72.9","71","16.0","0","0.0","62","14.0","No Data"
"02M114","East Side Middle School","2014-15","449","0","0","0","0","0","0","0","151","152","146","0","0","0","0","231","51.4","218","48.6","66","14.7","14","3.1","46","10.2","18","4.0","305","67.9","73","16.3","0","0.0","51","11.4","10.7%"
"02M114","East Side Middle School","2015-16","441","0","0","0","0","0","0","0","149","142","150","0","0","0","0","230","52.2","211","47.8","66","15.0","13","2.9","40","9.1","32","7.3","290","65.8","64","14.5","0","0.0","41","9.3","8.8%"
"02M114","East Side Middle School","2016-17","443","0","0","0","0","0","0","0","151","147","145","0","0","0","0","231","52.1","212","47.9","62","14.0","14","3.2","40","9.0","38","8.6","289","65.2","70","15.8","0","0.0","31","7.0","7.9%"
"02M114","East Side Middle School","2017-18","450","0","0","0","0","0","0","0","148","150","152","0","0","0","0","247","54.9","203","45.1","55","12.2","16","3.6","40","8.9","35","7.8","304","67.6","71","15.8","0","0.0","49","10.9","10.8%"
"02M116","P.S. 116 Mary Lindley Murray","2013-14","724","0","109","128","134","115","105","133","0","0","0","0","0","0","0","368","50.8","356","49.2","138","19.1","63","8.7","159","22.0","51","7.0","313","43.2","112","15.5","66","9.1","270","37.3","No Data"
"02M116","P.S. 116 Mary Lindley Murray","2014-15","696","54","96","95","113","117","117","104","0","0","0","0","0","0","0","343","49.3","353","50.7","131","18.8","66","9.5","145","20.8","45","6.5","309","44.4","109","15.7","59","8.5","251","36.1","28.9%"
"02M116","P.S. 116 Mary Lindley Murray","2015-16","638","47","72","92","89","101","113","124","0","0","0","0","0","0","0","312","48.9","326","51.1","126","19.7","56","8.8","138","21.6","40","6.3","278","43.6","108","16.9","68","10.7","222","34.8","28.2%"
"02M116","P.S. 116 Mary Lindley Murray","2016-17","585","46","87","72","86","75","99","120","0","0","0","0","0","0","0","285","48.7","300","51.3","122","20.9","63","10.8","123","21.0","37","6.3","240","41.0","115","19.7","56","9.6","211","36.1","28.5%"
"02M116","P.S. 116 Mary Lindley Murray","2017-18","539","47","86","84","68","85","75","94","0","0","0","0","0","0","0","273","50.6","266","49.4","112","20.8","63","11.7","109","20.2","37","6.9","218","40.4","89","16.5","44","8.2","193","35.8","34.7%"
"02M124","P.S. 124 Yung Wing","2013-14","866","36","101","138","153","145","149","144","0","0","0","0","0","0","0","393","45.4","473","54.6","812","93.8","7","0.8","29","3.3","5","0.6","13","1.5","86","9.9","278","32.1","432","49.9","No Data"
"02M124","P.S. 124 Yung Wing","2014-15","864","72","120","104","136","146","142","144","0","0","0","0","0","0","0","389","45.0","475","55.0","815","94.3","5","0.6","26","3.0","3","0.3","15","1.7","82","9.5","281","32.5","402","46.5","55.4%"
"02M124","P.S. 124 Yung Wing","2015-16","810","71","117","118","99","131","141","133","0","0","0","0","0","0","0","373","46.0","437","54.0","767","94.7","3","0.4","22","2.7","6","0.7","12","1.5","83","10.2","238","29.4","368","45.4","54.1%"
"02M124","P.S. 124 Yung Wing","2016-17","785","71","121","114","108","100","137","134","0","0","0","0","0","0","0","382","48.7","403","51.3","741","94.4","2","0.3","16","2.0","14","1.8","12","1.5","90","11.5","239","30.4","336","42.8","53.0%"
"02M124","P.S. 124 Yung Wing","2017-18","724","56","100","118","113","103","95","139","0","0","0","0","0","0","0","355","49.0","369","51.0","683","94.3","0","0.0","15","2.1","14","1.9","12","1.7","92","12.7","221","30.5","394","54.4","64.4%"
"02M126","P.S. 126 Jacob August Riis","2013-14","841","50","76","74","77","54","73","73","123","122","119","0","0","0","0","421","50.1","420","49.9","472","56.1","82","9.8","195","23.2","8","1.0","84","10.0","140","16.6","158","18.8","664","79.0","No Data"
"02M126","P.S. 126 Jacob August Riis","2014-15","811","38","79","76","78","64","60","73","112","113","118","0","0","0","0","404","49.8","407","50.2","450","55.5","92","11.3","177","21.8","15","1.8","77","9.5","136","16.8","172","21.2","640","78.9","71.0%"
"02M126","P.S. 126 Jacob August Riis","2015-16","759","31","58","73","70","76","57","55","121","109","109","0","0","0","0","363","47.8","396","52.2","445","58.6","84","11.1","157","20.7","15","2.0","58","7.6","141","18.6","130","17.1","608","80.1","70.9%"
"02M126","P.S. 126 Jacob August Riis","2016-17","791","45","58","61","72","70","83","58","118","116","110","0","0","0","0","370","46.8","421","53.2","471","59.5","78","9.9","159","20.1","21","2.7","62","7.8","145","18.3","140","17.7","630","79.6","69.2%"
"02M126","P.S. 126 Jacob August Riis","2017-18","784","29","72","59","59","72","67","81","121","111","113","0","0","0","0","361","46.0","423","54.0","487","62.1","73","9.3","141","18.0","21","2.7","62","7.9","143","18.2","131","16.7","624","79.6","77.6%"
"02M130","P.S. 130 Hernando De Soto","2013-14","999","29","166","181","166","142","146","169","0","0","0","0","0","0","0","470","47.0","529","53.0","870","87.1","9","0.9","47","4.7","26","2.6","47","4.7","128","12.8","150","15.0","525","52.6","No Data"
"02M130","P.S. 130 Hernando De Soto","2014-15","999","18","163","181","175","177","141","144","0","0","0","0","0","0","0","479","47.9","520","52.1","874","87.5","10","1.0","44","4.4","26","2.6","45","4.5","128","12.8","170","17.0","489","48.9","59.1%"
"02M130","P.S. 130 Hernando De Soto","2015-16","970","18","118","162","178","170","184","140","0","0","0","0","0","0","0","470","48.5","500","51.5","853","87.9","9","0.9","49","5.1","26","2.7","33","3.4","127","13.1","126","13.0","470","48.5","58.3%"
"02M130","P.S. 130 Hernando De Soto","2016-17","962","36","112","125","160","177","171","181","0","0","0","0","0","0","0","473","49.2","489","50.8","849","88.3","10","1.0","46","4.8","25","2.6","32","3.3","147","15.3","141","14.7","444","46.2","56.9%"
"02M130","P.S. 130 Hernando De Soto","2017-18","913","36","139","116","125","156","175","166","0","0","0","0","0","0","0","436","47.8","477","52.2","798","87.4","9","1.0","44","4.8","32","3.5","30","3.3","127","13.9","142","15.6","433","47.4","59.9%"
"02M131","M.S. 131","2013-14","445","0","0","0","0","0","0","0","115","140","190","0","0","0","0","209","47.0","236","53.0","334","75.1","44","9.9","65","14.6","1","0.2","1","0.2","101","22.7","200","44.9","431","96.9","No Data"
"02M131","M.S. 131","2014-15","406","0","0","0","0","0","0","0","135","123","148","0","0","0","0","191","47.0","215","53.0","325","80.0","33","8.1","47","11.6","0","0.0","1","0.2","110","27.1","170","41.9","387","95.3","81.8%"
"02M131","M.S. 131","2015-16","420","0","0","0","0","0","0","0","111","166","143","0","0","0","0","185","44.0","235","56.0","324","77.1","34","8.1","60","14.3","0","0.0","2","0.5","115","27.4","145","34.5","401","95.5","79.3%"
"02M131","M.S. 131","2016-17","457","0","0","0","0","0","0","0","162","125","170","0","0","0","0","193","42.2","264","57.8","382","83.6","26","5.7","43","9.4","3","0.7","3","0.7","110","24.1","156","34.1","428","93.7","77.6%"
"02M131","M.S. 131","2017-18","436","0","0","0","0","0","0","0","132","165","139","0","0","0","0","189","43.3","247","56.7","355","81.4","26","6.0","46","10.6","1","0.2","8","1.8","112","25.7","142","32.6","407","93.3","85.3%"
"02M135","The Urban Assembly School for Emergency Management","2013-14","116","0","0","0","0","0","0","0","0","0","0","116","0","0","0","75","64.7","41","35.3","5","4.3","26","22.4","80","69.0","2","1.7","3","2.6","20","17.2","8","6.9","90","77.6","No Data"
"02M135","The Urban Assembly School for Emergency Management","2014-15","193","0","0","0","0","0","0","0","0","0","0","100","93","0","0","110","57.0","83","43.0","11","5.7","54","28.0","121","62.7","2","1.0","5","2.6","38","19.7","14","7.3","156","80.8","71.1%"
"02M135","The Urban Assembly School for Emergency Management","2015-16","257","0","0","0","0","0","0","0","0","0","0","93","100","64","0","144","56.0","113","44.0","18","7.0","76","29.6","150","58.4","3","1.2","10","3.9","56","21.8","22","8.6","185","72.0","69.7%"
"02M135","The Urban Assembly School for Emergency Management","2016-17","315","0","0","0","0","0","0","0","0","0","0","93","87","61","74","170","54.0","145","46.0","18","5.7","84","26.7","193","61.3","5","1.6","15","4.8","60","19.0","21","6.7","207","65.7","71.1%"
"02M135","The Urban Assembly School for Emergency Management","2017-18","281","0","0","0","0","0","0","0","0","0","0","91","80","55","55","139","49.5","142","50.5","18","6.4","83","29.5","166","59.1","5","1.8","9","3.2","58","20.6","14","5.0","229","81.5","80.9%"
"02M139","Stephen T. Mather Building Arts & Craftsmanship Hi","2013-14","85","0","0","0","0","0","0","0","0","0","0","85","0","0","0","26","30.6","59","69.4","4","4.7","18","21.2","47","55.3","4","4.7","12","14.1","27","31.8","11","12.9","71","83.5","No Data"
"02M139","Stephen T. Mather Building Arts & Craftsmanship Hi","2014-15","193","0","0","0","0","0","0","0","0","0","0","115","78","0","0","50","25.9","143","74.1","7","3.6","47","24.4","119","61.7","3","1.6","17","8.8","57","29.5","15","7.8","164","85.0","71.6%"
"02M139","Stephen T. Mather Building Arts & Craftsmanship Hi","2015-16","282","0","0","0","0","0","0","0","0","0","0","109","104","69","0","84","29.8","198","70.2","8","2.8","75","26.6","177","62.8","5","1.8","17","6.0","83","29.4","19","6.7","217","77.0","69.5%"
"02M139","Stephen T. Mather Building Arts & Craftsmanship Hi","2016-17","378","0","0","0","0","0","0","0","0","0","0","120","100","94","64","116","30.7","262","69.3","10","2.6","99","26.2","235","62.2","6","1.6","28","7.4","103","27.2","26","6.9","313","82.8","69.4%"
"02M139","Stephen T. Mather Building Arts & Craftsmanship Hi","2017-18","394","0","0","0","0","0","0","0","0","0","0","112","111","85","86","127","32.2","267","67.8","8","2.0","102","25.9","260","66.0","5","1.3","19","4.8","97","24.6","26","6.6","330","83.8","81.1%"
"02M150","P.S. 150","2013-14","184","18","27","27","28","27","28","29","0","0","0","0","0","0","0","90","48.9","94","51.1","22","12.0","18","9.8","28","15.2","13","7.1","103","56.0","29","15.8","5","2.7","31","16.8","No Data"
"02M150","P.S. 150","2014-15","184","18","28","26","27","30","28","27","0","0","0","0","0","0","0","88","47.8","96","52.2","23","12.5","14","7.6","27","14.7","20","10.9","100","54.3","32","17.4","6","3.3","29","15.8","19.5%"
"02M150","P.S. 150","2015-16","184","18","28","25","27","29","29","28","0","0","0","0","0","0","0","87","47.3","97","52.7","29","15.8","10","5.4","25","13.6","19","10.3","101","54.9","28","15.2","4","2.2","26","14.1","17.2%"
"02M150","P.S. 150","2016-17","186","18","28","27","28","30","28","27","0","0","0","0","0","0","0","90","48.4","96","51.6","30","16.1","7","3.8","22","11.8","21","11.3","106","57.0","28","15.1","5","2.7","16","8.6","14.8%"
"02M150","P.S. 150","2017-18","187","18","29","30","28","30","25","27","0","0","0","0","0","0","0","88","47.1","99","52.9","39","20.9","2","1.1","20","10.7","17","9.1","109","58.3","22","11.8","5","2.7","22","11.8","13.7%"
"02M151","Yorkville Community School","2013-14","485","0","112","97","116","77","83","0","0","0","0","0","0","0","0","230","47.4","255","52.6","31","6.4","63","13.0","120","24.7","28","5.8","243","50.1","83","17.1","31","6.4","176","36.3","No Data"
"02M151","Yorkville Community School","2014-15","572","0","92","103","97","117","81","82","0","0","0","0","0","0","0","273","47.7","299","52.3","40","7.0","80","14.0","143","25.0","40","7.0","269","47.0","108","18.9","42","7.3","222","38.8","33.1%"
"02M151","Yorkville Community School","2015-16","548","0","74","91","95","90","117","81","0","0","0","0","0","0","0","263","48.0","285","52.0","36","6.6","77","14.1","148","27.0","31","5.7","256","46.7","113","20.6","35","6.4","223","40.7","33.9%"
"02M151","Yorkville Community School","2016-17","537","19","84","71","73","91","88","111","0","0","0","0","0","0","0","271","50.5","266","49.5","34","6.3","77","14.3","131","24.4","31","5.8","264","49.2","95","17.7","26","4.8","216","40.2","34.3%"
"02M151","Yorkville Community School","2017-18","515","40","67","84","76","72","94","82","0","0","0","0","0","0","0","251","48.7","264","51.3","35","6.8","78","15.1","116","22.5","31","6.0","255","49.5","87","16.9","20","3.9","217","42.1","38.8%"
"02M158","P.S. 158 Bayard Taylor","2013-14","747","36","124","137","112","123","105","110","0","0","0","0","0","0","0","369","49.4","378","50.6","78","10.4","30","4.0","77","10.3","27","3.6","535","71.6","162","21.7","26","3.5","99","13.3","No Data"
"02M158","P.S. 158 Bayard Taylor","2014-15","761","72","142","117","124","96","111","99","0","0","0","0","0","0","0","378","49.7","383","50.3","83","10.9","29","3.8","83","10.9","28","3.7","538","70.7","142","18.7","32","4.2","101","13.3","10.6%"
"02M158","P.S. 158 Bayard Taylor","2015-16","763","72","125","139","106","120","91","110","0","0","0","0","0","0","0","373","48.9","390","51.1","83","10.9","29","3.8","75","9.8","32","4.2","544","71.3","138","18.1","39","5.1","89","11.7","9.3%"
"02M158","P.S. 158 Bayard Taylor","2016-17","781","71","134","122","134","107","121","92","0","0","0","0","0","0","0","367","47.0","414","53.0","99","12.7","18","2.3","60","7.7","40","5.1","564","72.2","117","15.0","44","5.6","81","10.4","7.2%"
"02M158","P.S. 158 Bayard Taylor","2017-18","793","72","139","123","114","132","107","106","0","0","0","0","0","0","0","380","47.9","413","52.1","94","11.9","22","2.8","60","7.6","46","5.8","571","72.0","117","14.8","38","4.8","95","12.0","10.7%"
"02M167","J.H.S. 167 Robert F. Wagner","2013-14","1345","0","0","0","0","0","0","0","479","423","443","0","0","0","0","624","46.4","721","53.6","378","28.1","111","8.3","311","23.1","27","2.0","518","38.5","224","16.7","62","4.6","635","47.2","No Data"
"02M167","J.H.S. 167 Robert F. Wagner","2014-15","1364","0","0","0","0","0","0","0","453","483","428","0","0","0","0","637","46.7","727","53.3","375","27.5","132","9.7","298","21.8","36","2.6","523","38.3","251","18.4","61","4.5","643","47.1","34.8%"
"02M167","J.H.S. 167 Robert F. Wagner","2015-16","1343","0","0","0","0","0","0","0","435","423","485","0","0","0","0","634","47.2","709","52.8","372","27.7","112","8.3","251","18.7","46","3.4","562","41.8","251","18.7","52","3.9","593","44.2","31.2%"
"02M167","J.H.S. 167 Robert F. Wagner","2016-17","1357","0","0","0","0","0","0","0","487","434","436","0","0","0","0","645","47.5","712","52.5","316","23.3","110","8.1","235","17.3","58","4.3","638","47.0","215","15.8","51","3.8","456","33.6","26.7%"
"02M167","J.H.S. 167 Robert F. Wagner","2017-18","1336","0","0","0","0","0","0","0","450","457","429","0","0","0","0","632","47.3","704","52.7","280","21.0","80","6.0","213","15.9","67","5.0","696","52.1","216","16.2","42","3.1","409","30.6","29.2%"
"02M177","Yorkville East Middle School","2014-15","56","0","0","0","0","0","0","0","56","0","0","0","0","0","0","25","44.6","31","55.4","7","12.5","5","8.9","16","28.6","4","7.1","24","42.9","16","28.6","2","3.6","20","35.7","26.0%"
"02M177","Yorkville East Middle School","2015-16","142","0","0","0","0","0","0","0","84","58","0","0","0","0","0","64","45.1","78","54.9","16","11.3","15","10.6","42","29.6","9","6.3","60","42.3","42","29.6","2","1.4","53","37.3","24.7%"
"02M177","Yorkville East Middle School","2016-17","213","0","0","0","0","0","0","0","79","84","50","0","0","0","0","103","48.4","110","51.6","21","9.9","22","10.3","57","26.8","11","5.2","102","47.9","60","28.2","3","1.4","61","28.6","21.9%"
"02M177","Yorkville East Middle School","2017-18","233","0","0","0","0","0","0","0","75","76","82","0","0","0","0","116","49.8","117","50.2","20","8.6","28","12.0","59","25.3","11","4.7","115","49.4","61","26.2","4","1.7","80","34.3","32.3%"
"02M183","P.S. 183 Robert L. Stevenson","2013-14","606","0","110","97","97","108","109","85","0","0","0","0","0","0","0","275","45.4","331","54.6","101","16.7","29","4.8","55","9.1","22","3.6","399","65.8","123","20.3","32","5.3","57","9.4","No Data"
"02M183","P.S. 183 Robert L. Stevenson","2014-15","595","0","118","94","93","86","106","98","0","0","0","0","0","0","0","279","46.9","316","53.1","116","19.5","22","3.7","60","10.1","17","2.9","380","63.9","120","20.2","33","5.5","57","9.6","7.0%"
"02M183","P.S. 183 Robert L. Stevenson","2015-16","555","0","117","101","74","92","77","94","0","0","0","0","0","0","0","248","44.7","307","55.3","94","16.9","22","4.0","58","10.5","14","2.5","367","66.1","107","19.3","33","5.9","47","8.5","6.0%"
"02M183","P.S. 183 Robert L. Stevenson","2016-17","567","21","113","101","93","76","90","73","0","0","0","0","0","0","0","274","48.3","293","51.7","96","16.9","19","3.4","49","8.6","19","3.4","384","67.7","107","18.9","40","7.1","38","6.7","4.9%"
"02M183","P.S. 183 Robert L. Stevenson","2017-18","588","40","102","107","96","84","74","85","0","0","0","0","0","0","0","286","48.6","302","51.4","98","16.7","14","2.4","52","8.8","24","4.1","400","68.0","91","15.5","28","4.8","66","11.2","5.9%"
"02M198","P.S. 198 Isador E. Ida Straus","2013-14","495","28","59","85","77","104","56","86","0","0","0","0","0","0","0","229","46.3","266","53.7","65","13.1","71","14.3","187","37.8","4","0.8","168","33.9","98","19.8","31","6.3","285","57.6","No Data"
"02M198","P.S. 198 Isador E. Ida Straus","2014-15","462","27","80","55","77","72","100","51","0","0","0","0","0","0","0","217","47.0","245","53.0","65","14.1","63","13.6","142","30.7","5","1.1","187","40.5","95","20.6","28","6.1","235","50.9","34.2%"
"02M198","P.S. 198 Isador E. Ida Straus","2015-16","498","48","77","72","56","75","69","101","0","0","0","0","0","0","0","235","47.2","263","52.8","80","16.1","52","10.4","133","26.7","7","1.4","226","45.4","100","20.1","34","6.8","214","43.0","29.1%"
"02M198","P.S. 198 Isador E. Ida Straus","2016-17","468","55","71","83","67","55","72","65","0","0","0","0","0","0","0","224","47.9","244","52.1","95","20.3","43","9.2","107","22.9","11","2.4","212","45.3","103","22.0","30","6.4","187","40.0","27.0%"
"02M198","P.S. 198 Isador E. Ida Straus","2017-18","461","51","71","67","87","57","61","67","0","0","0","0","0","0","0","220","47.7","241","52.3","96","20.8","46","10.0","108","23.4","14","3.0","197","42.7","99","21.5","27","5.9","176","38.2","34.8%"
"02M212","P.S. 212 Midtown West","2013-14","343","0","56","55","62","58","56","56","0","0","0","0","0","0","0","175","51.0","168","49.0","37","10.8","29","8.5","74","21.6","30","8.7","173","50.4","58","16.9","9","2.6","81","23.6","No Data"
"02M212","P.S. 212 Midtown West","2014-15","361","18","56","56","57","60","58","56","0","0","0","0","0","0","0","190","52.6","171","47.4","28","7.8","25","6.9","79","21.9","48","13.3","181","50.1","49","13.6","9","2.5","70","19.4","17.8%"
"02M212","P.S. 212 Midtown West","2015-16","378","36","56","57","59","56","59","55","0","0","0","0","0","0","0","202","53.4","176","46.6","39","10.3","22","5.8","86","22.8","50","13.2","181","47.9","52","13.8","9","2.4","81","21.4","18.7%"
"02M212","P.S. 212 Midtown West","2016-17","375","36","55","56","56","57","57","58","0","0","0","0","0","0","0","202","53.9","173","46.1","46","12.3","21","5.6","90","24.0","37","9.9","181","48.3","55","14.7","10","2.7","80","21.3","20.0%"
"02M212","P.S. 212 Midtown West","2017-18","366","36","53","57","54","56","53","57","0","0","0","0","0","0","0","185","50.5","181","49.5","51","13.9","23","6.3","89","24.3","32","8.7","171","46.7","41","11.2","13","3.6","82","22.4","25.5%"
"02M217","P.S./I.S. 217 Roosevelt Island","2013-14","518","36","91","94","71","63","49","30","23","25","36","0","0","0","0","272","52.5","246","47.5","141","27.2","114","22.0","89","17.2","11","2.1","163","31.5","56","10.8","38","7.3","208","40.2","No Data"
"02M217","P.S./I.S. 217 Roosevelt Island","2014-15","536","30","107","98","83","60","57","37","23","19","22","0","0","0","0","267","49.8","269","50.2","149","27.8","99","18.5","85","15.9","19","3.5","184","34.3","70","13.1","41","7.6","189","35.3","23.7%"
"02M217","P.S./I.S. 217 Roosevelt Island","2015-16","587","36","87","99","105","75","64","58","22","24","17","0","0","0","0","283","48.2","304","51.8","171","29.1","92","15.7","84","14.3","27","4.6","213","36.3","77","13.1","43","7.3","212","36.1","22.5%"
"02M217","P.S./I.S. 217 Roosevelt Island","2016-17","613","28","101","89","102","106","66","58","24","21","18","0","0","0","0","306","49.9","307","50.1","180","29.4","81","13.2","93","15.2","26","4.2","233","38.0","76","12.4","68","11.1","206","33.6","22.3%"
"02M217","P.S./I.S. 217 Roosevelt Island","2017-18","616","36","97","80","80","89","101","58","32","22","21","0","0","0","0","314","51.0","302","49.0","185","30.0","70","11.4","92","14.9","32","5.2","237","38.5","71","11.5","101","16.4","208","33.8","27.0%"
"02M225","Ella Baker School","2013-14","319","53","35","36","35","35","27","24","29","20","25","0","0","0","0","171","53.6","148","46.4","16","5.0","78","24.5","140","43.9","15","4.7","70","21.9","65","20.4","9","2.8","136","42.6","No Data"
"02M225","Ella Baker School","2014-15","323","53","37","32","38","26","36","31","23","28","19","0","0","0","0","158","48.9","165","51.1","12","3.7","68","21.1","135","41.8","18","5.6","90","27.9","69","21.4","12","3.7","140","43.3","35.8%"
"02M225","Ella Baker School","2015-16","335","54","36","35","33","37","28","38","24","23","27","0","0","0","0","174","51.9","161","48.1","12","3.6","62","18.5","124","37.0","19","5.7","118","35.2","74","22.1","10","3.0","134","40.0","32.1%"
"02M225","Ella Baker School","2016-17","311","38","38","36","35","30","38","26","26","22","22","0","0","0","0","157","50.5","154","49.5","18","5.8","52","16.7","117","37.6","22","7.1","102","32.8","70","22.5","9","2.9","113","36.3","32.6%"
"02M225","Ella Baker School","2017-18","320","40","45","31","36","38","32","39","13","25","21","0","0","0","0","159","49.7","161","50.3","18","5.6","53","16.6","103","32.2","27","8.4","119","37.2","68","21.3","3","0.9","107","33.4","34.1%"
"02M234","P.S. 234 Independence School","2013-14","785","0","123","136","119","125","120","162","0","0","0","0","0","0","0","394","50.2","391","49.8","100","12.7","18","2.3","65","8.3","60","7.6","542","69.0","146","18.6","10","1.3","45","5.7","No Data"
"02M234","P.S. 234 Independence School","2014-15","729","0","143","125","122","107","120","112","0","0","0","0","0","0","0","362","49.7","367","50.3","84","11.5","7","1.0","55","7.5","71","9.7","512","70.2","126","17.3","12","1.6","35","4.8","6.6%"
"02M234","P.S. 234 Independence School","2015-16","704","0","130","133","114","120","100","107","0","0","0","0","0","0","0","350","49.7","354","50.3","75","10.7","9","1.3","59","8.4","70","9.9","491","69.7","131","18.6","9","1.3","23","3.3","5.5%"
"02M234","P.S. 234 Independence School","2016-17","683","0","119","130","118","111","112","93","0","0","0","0","0","0","0","331","48.5","352","51.5","72","10.5","11","1.6","55","8.1","69","10.1","476","69.7","128","18.7","16","2.3","33","4.8","5.8%"
"02M234","P.S. 234 Independence School","2017-18","642","0","107","101","121","107","99","107","0","0","0","0","0","0","0","318","49.5","324","50.5","61","9.5","9","1.4","49","7.6","60","9.3","463","72.1","99","15.4","10","1.6","63","9.8","8.7%"
"02M255","M.S. 255 Salk School of Science","2013-14","378","0","0","0","0","0","0","0","129","123","126","0","0","0","0","215","56.9","163","43.1","79","20.9","18","4.8","38","10.1","10","2.6","233","61.6","52","13.8","0","0.0","61","16.1","No Data"
"02M255","M.S. 255 Salk School of Science","2014-15","365","0","0","0","0","0","0","0","130","120","115","0","0","0","0","220","60.3","145","39.7","78","21.4","14","3.8","31","8.5","10","2.7","232","63.6","48","13.2","0","0.0","41","11.2","13.2%"
"02M255","M.S. 255 Salk School of Science","2015-16","374","0","0","0","0","0","0","0","129","121","124","0","0","0","0","229","61.2","145","38.8","70","18.7","12","3.2","35","9.4","23","6.1","234","62.6","52","13.9","0","0.0","42","11.2","12.1%"
"02M255","M.S. 255 Salk School of Science","2016-17","390","0","0","0","0","0","0","0","131","132","127","0","0","0","0","227","58.2","163","41.8","72","18.5","9","2.3","40","10.3","31","7.9","238","61.0","60","15.4","1","0.3","42","10.8","9.9%"
"02M255","M.S. 255 Salk School of Science","2017-18","386","0","0","0","0","0","0","0","130","128","128","0","0","0","0","224","58.0","162","42.0","64","16.6","7","1.8","44","11.4","34","8.8","237","61.4","64","16.6","2","0.5","41","10.6","14.6%"
"02M260","M.S. 260 Clinton School Writers & Artists","2013-14","266","0","0","0","0","0","0","0","98","81","87","0","0","0","0","188","70.7","78","29.3","38","14.3","30","11.3","56","21.1","6","2.3","136","51.1","57","21.4","4","1.5","87","32.7","No Data"
"02M260","M.S. 260 Clinton School Writers & Artists","2014-15","270","0","0","0","0","0","0","0","88","97","85","0","0","0","0","206","76.3","64","23.7","41","15.2","17","6.3","38","14.1","9","3.3","165","61.1","46","17.0","3","1.1","56","20.7","22.3%"
"02M260","M.S. 260 Clinton School Writers & Artists","2015-16","376","0","0","0","0","0","0","0","93","92","98","93","0","0","0","272","72.3","104","27.7","52","13.8","22","5.9","38","10.1","18","4.8","246","65.4","66","17.6","3","0.8","55","14.6","18.9%"
"02M260","M.S. 260 Clinton School Writers & Artists","2016-17","489","0","0","0","0","0","0","0","99","97","94","105","94","0","0","333","68.1","156","31.9","63","12.9","25","5.1","55","11.2","32","6.5","314","64.2","81","16.6","3","0.6","52","10.6","17.9%"
"02M260","M.S. 260 Clinton School Writers & Artists","2017-18","604","0","0","0","0","0","0","0","97","99","97","122","106","83","0","412","68.2","192","31.8","76","12.6","28","4.6","69","11.4","44","7.3","387","64.1","99","16.4","2","0.3","82","13.6","20.1%"
"02M267","East Side Elementary School, PS 267","2013-14","261","33","73","72","58","25","0","0","0","0","0","0","0","0","0","135","51.7","126","48.3","25","9.6","4","1.5","14","5.4","5","1.9","213","81.6","54","20.7","12","4.6","20","7.7","No Data"
"02M267","East Side Elementary School, PS 267","2014-15","320","36","74","71","64","52","23","0","0","0","0","0","0","0","0","163","50.9","157","49.1","29","9.1","5","1.6","20","6.3","8","2.5","258","80.6","56","17.5","7","2.2","24","7.5","5.3%"
"02M267","East Side Elementary School, PS 267","2015-16","365","18","88","61","64","66","48","20","0","0","0","0","0","0","0","187","51.2","178","48.8","39","10.7","6","1.6","27","7.4","8","2.2","285","78.1","68","18.6","16","4.4","25","6.8","3.8%"
"02M267","East Side Elementary School, PS 267","2016-17","401","20","82","73","56","66","58","46","0","0","0","0","0","0","0","204","50.9","197","49.1","42","10.5","5","1.2","35","8.7","6","1.5","313","78.1","75","18.7","16","4.0","24","6.0","3.4%"
"02M267","East Side Elementary School, PS 267","2017-18","398","0","93","78","71","52","54","50","0","0","0","0","0","0","0","202","50.8","196","49.2","48","12.1","2","0.5","45","11.3","7","1.8","296","74.4","60","15.1","21","5.3","41","10.3","7.4%"
"02M276","Battery Park City School","2013-14","875","36","100","125","112","103","85","64","66","92","92","0","0","0","0","420","48.0","455","52.0","199","22.7","39","4.5","110","12.6","51","5.8","476","54.4","119","13.6","31","3.5","103","11.8","No Data"
"02M276","Battery Park City School","2014-15","857","0","100","96","114","107","106","89","94","62","89","0","0","0","0","406","47.4","451","52.6","191","22.3","39","4.6","99","11.6","53","6.2","475","55.4","139","16.2","18","2.1","77","9.0","9.7%"
"02M276","Battery Park City School","2015-16","872","0","100","94","96","113","106","114","93","91","65","0","0","0","0","418","47.9","454","52.1","179","20.5","38","4.4","95","10.9","69","7.9","491","56.3","144","16.5","19","2.2","62","7.1","9.0%"
"02M276","Battery Park City School","2016-17","850","0","100","90","89","92","107","100","98","83","91","0","0","0","0","400","47.1","450","52.9","169","19.9","42","4.9","90","10.6","67","7.9","482","56.7","158","18.6","14","1.6","74","8.7","9.4%"
"02M276","Battery Park City School","2017-18","827","0","95","90","87","90","87","103","99","92","84","0","0","0","0","395","47.8","432","52.2","162","19.6","34","4.1","109","13.2","75","9.1","447","54.1","147","17.8","26","3.1","104","12.6","14.0%"
"02M280","Manhattan Early College School for Advertising","2014-15","97","0","0","0","0","0","0","0","0","0","0","97","0","0","0","47","48.5","50","51.5","7","7.2","31","32.0","42","43.3","1","1.0","16","16.5","22","22.7","1","1.0","72","74.2","55.8%"
"02M280","Manhattan Early College School for Advertising","2015-16","191","0","0","0","0","0","0","0","0","0","0","97","94","0","0","101","52.9","90","47.1","19","9.9","61","31.9","82","42.9","8","4.2","21","11.0","43","22.5","5","2.6","153","80.1","56.6%"
"02M280","Manhattan Early College School for Advertising","2016-17","279","0","0","0","0","0","0","0","0","0","0","106","85","88","0","148","53.0","131","47.0","19","6.8","98","35.1","124","44.4","12","4.3","26","9.3","61","21.9","9","3.2","228","81.7","60.3%"
"02M280","Manhattan Early College School for Advertising","2017-18","367","0","0","0","0","0","0","0","0","0","0","108","98","80","81","207","56.4","160","43.6","23","6.3","127","34.6","173","47.1","15","4.1","29","7.9","79","21.5","14","3.8","294","80.1","66.5%"
"02M281","The River School","2013-14","85","35","50","0","0","0","0","0","0","0","0","0","0","0","0","45","52.9","40","47.1","30","35.3","3","3.5","15","17.6","3","3.5","34","40.0","10","11.8","5","5.9","24","28.2","No Data"
"02M281","The River School","2014-15","104","32","39","33","0","0","0","0","0","0","0","0","0","0","0","45","43.3","59","56.7","42","40.4","8","7.7","13","12.5","1","1.0","40","38.5","16","15.4","19","18.3","34","32.7","17.5%"
"02M281","The River School","2015-16","152","34","62","31","25","0","0","0","0","0","0","0","0","0","0","72","47.4","80","52.6","46","30.3","14","9.2","24","15.8","2","1.3","66","43.4","29","19.1","27","17.8","48","31.6","14.9%"
"02M281","The River School","2016-17","187","34","56","48","24","25","0","0","0","0","0","0","0","0","0","83","44.4","104","55.6","54","28.9","19","10.2","26","13.9","5","2.7","83","44.4","39","20.9","25","13.4","42","22.5","15.1%"
"02M281","The River School","2017-18","272","36","85","54","38","27","32","0","0","0","0","0","0","0","0","135","49.6","137","50.4","89","32.7","23","8.5","35","12.9","7","2.6","118","43.4","40","14.7","50","18.4","75","27.6","18.7%"
"02M282","Urban Assembly Maker Academy","2014-15","103","0","0","0","0","0","0","0","0","0","0","103","0","0","0","44","42.7","59","57.3","11","10.7","25","24.3","47","45.6","10","9.7","10","9.7","6","5.8","4","3.9","84","81.6","61.8%"
"02M282","Urban Assembly Maker Academy","2015-16","199","0","0","0","0","0","0","0","0","0","0","108","91","0","0","65","32.7","134","67.3","20","10.1","49","24.6","100","50.3","11","5.5","19","9.5","25","12.6","7","3.5","153","76.9","64.6%"
"02M282","Urban Assembly Maker Academy","2016-17","290","0","0","0","0","0","0","0","0","0","0","125","82","83","0","86","29.7","203","70.0","34","11.7","76","26.2","135","46.6","16","5.5","29","10.0","39","13.4","10","3.4","223","76.9","61.1%"
"02M282","Urban Assembly Maker Academy","2017-18","386","0","0","0","0","0","0","0","0","0","0","137","99","71","79","113","29.3","273","70.7","40","10.4","101","26.2","180","46.6","25","6.5","40","10.4","65","16.8","18","4.7","287","74.4","68.1%"
"02M288","Food and Finance High School","2013-14","443","0","0","0","0","0","0","0","0","0","0","124","118","100","101","247","55.8","196","44.2","22","5.0","185","41.8","216","48.8","2","0.5","18","4.1","71","16.0","13","2.9","366","82.6","No Data"
"02M288","Food and Finance High School","2014-15","427","0","0","0","0","0","0","0","0","0","0","115","118","105","89","222","52.0","205","48.0","20","4.7","170","39.8","222","52.0","2","0.5","13","3.0","67","15.7","13","3.0","339","79.4","66.9%"
"02M288","Food and Finance High School","2015-16","410","0","0","0","0","0","0","0","0","0","0","117","104","94","95","222","54.1","188","45.9","19","4.6","167","40.7","215","52.4","2","0.5","7","1.7","67","16.3","12","2.9","345","84.1","69.2%"
"02M288","Food and Finance High School","2016-17","400","0","0","0","0","0","0","0","0","0","0","125","104","83","88","214","53.5","186","46.5","20","5.0","155","38.7","208","52.0","10","2.5","7","1.8","74","18.5","21","5.2","318","79.5","68.2%"
"02M288","Food and Finance High School","2017-18","378","0","0","0","0","0","0","0","0","0","0","125","93","82","78","211","55.8","167","44.2","17","4.5","150","39.7","188","49.7","13","3.4","10","2.6","80","21.2","20","5.3","333","88.1","77.9%"
"02M289","I.S. 289","2013-14","293","0","0","0","0","0","0","0","95","101","97","0","0","0","0","162","55.3","131","44.7","102","34.8","29","9.9","44","15.0","4","1.4","114","38.9","49","16.7","2","0.7","114","38.9","No Data"
"02M289","I.S. 289","2014-15","292","0","0","0","0","0","0","0","104","92","96","0","0","0","0","158","54.1","134","45.9","103","35.3","23","7.9","46","15.8","8","2.7","112","38.4","49","16.8","4","1.4","101","34.6","30.0%"
"02M289","I.S. 289","2015-16","289","0","0","0","0","0","0","0","99","100","90","0","0","0","0","158","54.7","131","45.3","111","38.4","24","8.3","37","12.8","7","2.4","110","38.1","57","19.7","3","1.0","121","41.9","39.4%"
"02M289","I.S. 289","2016-17","281","0","0","0","0","0","0","0","95","92","94","0","0","0","0","147","52.3","134","47.7","118","42.0","16","5.7","34","12.1","7","2.5","106","37.7","66","23.5","3","1.1","123","43.8","36.6%"
"02M289","I.S. 289","2017-18","283","0","0","0","0","0","0","0","99","93","91","0","0","0","0","134","47.3","149","52.7","125","44.2","11","3.9","32","11.3","6","2.1","109","38.5","66","23.3","5","1.8","142","50.2","46.0%"
"02M290","P.S. 290 Manhattan New School","2013-14","675","0","105","103","109","112","129","117","0","0","0","0","0","0","0","345","51.1","330","48.9","83","12.3","15","2.2","49","7.3","40","5.9","488","72.3","108","16.0","33","4.9","82","12.1","No Data"
"02M290","P.S. 290 Manhattan New School","2014-15","646","0","112","109","91","94","115","125","0","0","0","0","0","0","0","344","53.3","302","46.7","75","11.6","9","1.4","46","7.1","37","5.7","479","74.1","98","15.2","26","4.0","65","10.1","6.7%"
"02M290","P.S. 290 Manhattan New School","2015-16","627","0","112","115","107","86","93","114","0","0","0","0","0","0","0","329","52.5","298","47.5","68","10.8","9","1.4","54","8.6","41","6.5","455","72.6","86","13.7","19","3.0","63","10.0","6.0%"
"02M290","P.S. 290 Manhattan New School","2016-17","592","0","101","107","102","102","88","92","0","0","0","0","0","0","0","318","53.7","274","46.3","64","10.8","13","2.2","48","8.1","39","6.6","428","72.3","88","14.9","23","3.9","64","10.8","6.0%"
"02M290","P.S. 290 Manhattan New School","2017-18","631","40","114","96","105","94","96","86","0","0","0","0","0","0","0","332","52.6","299","47.4","68","10.8","14","2.2","55","8.7","40","6.3","454","71.9","89","14.1","17","2.7","69","10.9","9.5%"
"02M294","Essex Street Academy","2013-14","349","0","0","0","0","0","0","0","0","0","0","86","98","85","80","176","50.4","173","49.6","19","5.4","113","32.4","177","50.7","15","4.3","25","7.2","81","23.2","13","3.7","256","73.4","No Data"
"02M294","Essex Street Academy","2014-15","358","0","0","0","0","0","0","0","0","0","0","91","89","91","87","182","50.8","176","49.2","21","5.9","138","38.5","148","41.3","9","2.5","42","11.7","93","26.0","15","4.2","246","68.7","63.1%"
"02M294","Essex Street Academy","2015-16","356","0","0","0","0","0","0","0","0","0","0","87","105","83","81","180","50.6","176","49.4","21","5.9","136","38.2","154","43.3","18","5.1","27","7.6","98","27.5","14","3.9","254","71.3","63.9%"
"02M294","Essex Street Academy","2016-17","352","0","0","0","0","0","0","0","0","0","0","89","89","94","80","174","49.4","178","50.6","18","5.1","139","39.5","149","42.3","23","6.5","23","6.5","102","29.0","15","4.3","257","73.0","64.7%"
"02M294","Essex Street Academy","2017-18","340","0","0","0","0","0","0","0","0","0","0","93","86","78","83","188","55.3","152","44.7","21","6.2","130","38.2","139","40.9","30","8.8","20","5.9","89","26.2","12","3.5","234","68.8","71.0%"
"02M296","High School of Hospitality Management","2013-14","431","0","0","0","0","0","0","0","0","0","0","133","113","102","83","298","69.1","133","30.9","24","5.6","99","23.0","294","68.2","5","1.2","9","2.1","81","18.8","27","6.3","397","92.1","No Data"
"02M296","High School of Hospitality Management","2014-15","424","0","0","0","0","0","0","0","0","0","0","137","102","88","97","306","72.2","118","27.8","21","5.0","89","21.0","301","71.0","5","1.2","8","1.9","74","17.5","33","7.8","382","90.1","73.8%"
"02M296","High School of Hospitality Management","2015-16","402","0","0","0","0","0","0","0","0","0","0","131","103","80","88","293","72.9","109","27.1","16","4.0","97","24.1","274","68.2","7","1.7","8","2.0","78","19.4","34","8.5","363","90.3","73.0%"
"02M296","High School of Hospitality Management","2016-17","398","0","0","0","0","0","0","0","0","0","0","123","120","83","72","293","73.6","105","26.4","12","3.0","107","26.9","256","64.3","12","3.0","11","2.8","85","21.4","34","8.5","366","92.0","75.8%"
"02M296","High School of Hospitality Management","2017-18","391","0","0","0","0","0","0","0","0","0","0","141","115","67","68","280","71.6","111","28.4","16","4.1","110","28.1","235","60.1","20","5.1","10","2.6","81","20.7","37","9.5","359","91.8","85.8%"
"02M297","M.S. 297","2017-18","193","0","0","0","0","0","0","0","193","0","0","0","0","0","0","100","51.8","93","48.2","17","8.8","18","9.3","37","19.2","5","2.6","116","60.1","42","21.8","6","3.1","58","30.1","29.0%"
"02M298","Pace High School","2013-14","421","0","0","0","0","0","0","0","0","0","0","114","118","96","93","259","61.5","162","38.5","41","9.7","149","35.4","176","41.8","47","11.2","8","1.9","52","12.4","5","1.2","341","81.0","No Data"
"02M298","Pace High School","2014-15","423","0","0","0","0","0","0","0","0","0","0","116","103","113","91","256","60.5","167","39.5","58","13.7","118","27.9","192","45.4","47","11.1","8","1.9","49","11.6","5","1.2","342","80.9","65.7%"
"02M298","Pace High School","2015-16","478","0","0","0","0","0","0","0","0","0","0","160","114","95","109","286","59.8","192","40.2","47","9.8","152","31.8","245","51.3","27","5.6","7","1.5","76","15.9","8","1.7","383","80.1","67.3%"
"02M298","Pace High School","2016-17","508","0","0","0","0","0","0","0","0","0","0","161","152","103","92","301","59.3","207","40.7","43","8.5","162","31.9","267","52.6","23","4.5","13","2.6","98","19.3","12","2.4","379","74.6","66.3%"
"02M298","Pace High School","2017-18","537","0","0","0","0","0","0","0","0","0","0","155","165","115","102","311","57.9","225","41.9","43","8.0","177","33.0","272","50.7","24","4.5","21","3.9","105","19.6","13","2.4","425","79.1","73.8%"
"02M300","Urban Assembly School of Design and Construction,","2013-14","427","0","0","0","0","0","0","0","0","0","0","111","129","99","88","116","27.2","311","72.8","27","6.3","133","31.1","253","59.3","1","0.2","13","3.0","82","19.2","40","9.4","342","80.1","No Data"
"02M300","Urban Assembly School of Design and Construction,","2014-15","414","0","0","0","0","0","0","0","0","0","0","107","121","94","92","125","30.2","289","69.8","25","6.0","122","29.5","247","59.7","8","1.9","12","2.9","86","20.8","26","6.3","335","80.9","72.1%"
"02M300","Urban Assembly School of Design and Construction,","2015-16","400","0","0","0","0","0","0","0","0","0","0","114","117","83","86","111","27.8","289","72.3","15","3.8","109","27.3","256","64.0","8","2.0","12","3.0","89","22.2","30","7.5","313","78.3","74.0%"
"02M300","Urban Assembly School of Design and Construction,","2016-17","391","0","0","0","0","0","0","0","0","0","0","100","117","83","91","104","26.6","287","73.4","14","3.6","99","25.3","260","66.5","7","1.8","11","2.8","92","23.5","43","11.0","313","80.1","70.8%"
"02M300","Urban Assembly School of Design and Construction,","2017-18","356","0","0","0","0","0","0","0","0","0","0","71","100","97","88","104","29.2","252","70.8","18","5.1","86","24.2","239","67.1","8","2.2","5","1.4","85","23.9","37","10.4","306","86.0","86.4%"
"02M303","Facing History School, The","2013-14","417","0","0","0","0","0","0","0","0","0","0","153","100","87","77","200","48.0","217","52.0","6","1.4","117","28.1","285","68.3","4","1.0","5","1.2","98","23.5","91","21.8","306","73.4","No Data"
"02M303","Facing History School, The","2014-15","406","0","0","0","0","0","0","0","0","0","0","153","109","74","70","191","47.0","215","53.0","7","1.7","111","27.3","275","67.7","5","1.2","8","2.0","102","25.1","79","19.5","301","74.1","81.4%"
"02M303","Facing History School, The","2015-16","409","0","0","0","0","0","0","0","0","0","0","154","113","80","62","209","51.1","200","48.9","8","2.0","114","27.9","270","66.0","6","1.5","11","2.7","99","24.2","74","18.1","291","71.1","79.1%"
"02M303","Facing History School, The","2016-17","431","0","0","0","0","0","0","0","0","0","0","166","115","85","65","210","48.7","221","51.3","7","1.6","111","25.8","297","68.9","9","2.1","7","1.6","100","23.2","71","16.5","305","70.8","79.0%"
"02M303","Facing History School, The","2017-18","382","0","0","0","0","0","0","0","0","0","0","93","121","92","76","174","45.5","208","54.5","5","1.3","94","24.6","271","70.9","6","1.6","6","1.6","89","23.3","57","14.9","310","81.2","86.3%"
"02M305","Urban Assembly Academy of Government and Law, The","2013-14","326","0","0","0","0","0","0","0","0","0","0","105","85","82","54","192","58.9","134","41.1","20","6.1","132","40.5","163","50.0","1","0.3","10","3.1","57","17.5","15","4.6","270","82.8","No Data"
"02M305","Urban Assembly Academy of Government and Law, The","2014-15","329","0","0","0","0","0","0","0","0","0","0","88","101","64","76","191","58.1","138","41.9","19","5.8","138","41.9","162","49.2","1","0.3","9","2.7","62","18.8","11","3.3","271","82.4","74.7%"
"02M305","Urban Assembly Academy of Government and Law, The","2015-16","331","0","0","0","0","0","0","0","0","0","0","100","89","76","66","184","55.6","147","44.4","20","6.0","131","39.6","166","50.2","1","0.3","13","3.9","78","23.6","14","4.2","264","79.8","74.0%"
"02M305","Urban Assembly Academy of Government and Law, The","2016-17","316","0","0","0","0","0","0","0","0","0","0","101","90","59","66","182","57.6","134","42.4","16","5.1","116","36.7","173","54.7","1","0.3","10","3.2","74","23.4","16","5.1","265","83.9","76.4%"
"02M305","Urban Assembly Academy of Government and Law, The","2017-18","307","0","0","0","0","0","0","0","0","0","0","101","95","59","52","166","54.1","141","45.9","11","3.6","123","40.1","162","52.8","3","1.0","8","2.6","67","21.8","17","5.5","260","84.7","84.5%"
"02M308","Lower Manhattan Arts Academy","2013-14","362","0","0","0","0","0","0","0","0","0","0","143","92","75","52","240","66.3","122","33.7","31","8.6","104","28.7","203","56.1","11","3.0","13","3.6","100","27.6","17","4.7","223","61.6","No Data"
"02M308","Lower Manhattan Arts Academy","2014-15","383","0","0","0","0","0","0","0","0","0","0","121","116","76","70","268","70.0","115","30.0","32","8.4","108","28.2","217","56.7","13","3.4","13","3.4","115","30.0","16","4.2","240","62.7","70.0%"
"02M308","Lower Manhattan Arts Academy","2015-16","353","0","0","0","0","0","0","0","0","0","0","100","100","89","64","248","70.3","105","29.7","34","9.6","93","26.3","199","56.4","17","4.8","10","2.8","111","31.4","14","4.0","212","60.1","68.9%"
"02M308","Lower Manhattan Arts Academy","2016-17","354","0","0","0","0","0","0","0","0","0","0","114","86","80","74","247","69.8","107","30.2","31","8.8","97","27.4","196","55.4","19","5.4","11","3.1","123","34.7","16","4.5","204","57.6","66.6%"
"02M308","Lower Manhattan Arts Academy","2017-18","329","0","0","0","0","0","0","0","0","0","0","104","86","71","68","234","71.1","95","28.9","27","8.2","91","27.7","183","55.6","19","5.8","9","2.7","113","34.3","21","6.4","242","73.6","81.0%"
"02M312","New York City Lab Middle School for Collaborative","2013-14","573","0","0","0","0","0","0","0","194","187","192","0","0","0","0","286","49.9","287","50.1","236","41.2","16","2.8","51","8.9","46","8.0","224","39.1","86","15.0","2","0.3","186","32.5","No Data"
"02M312","New York City Lab Middle School for Collaborative","2014-15","558","0","0","0","0","0","0","0","187","191","180","0","0","0","0","274","49.1","284","50.9","249","44.6","11","2.0","40","7.2","44","7.9","214","38.4","83","14.9","2","0.4","193","34.6","29.6%"
"02M312","New York City Lab Middle School for Collaborative","2015-16","551","0","0","0","0","0","0","0","190","177","184","0","0","0","0","271","49.2","280","50.8","258","46.8","13","2.4","41","7.4","50","9.1","189","34.3","84","15.2","4","0.7","159","28.9","29.2%"
"02M312","New York City Lab Middle School for Collaborative","2016-17","541","0","0","0","0","0","0","0","187","180","174","0","0","0","0","212","39.2","329","60.8","281","51.9","10","1.8","31","5.7","38","7.0","181","33.5","83","15.3","6","1.1","164","30.3","28.9%"
"02M312","New York City Lab Middle School for Collaborative","2017-18","554","0","0","0","0","0","0","0","196","177","181","0","0","0","0","229","41.3","325","58.7","305","55.1","11","2.0","36","6.5","36","6.5","166","30.0","91","16.4","8","1.4","212","38.3","38.1%"
"02M313","James Baldwin School, The: A School for Expedition","2013-14","260","0","0","0","0","0","0","0","0","0","0","17","117","76","50","150","57.7","110","42.3","4","1.5","113","43.5","125","48.1","2","0.8","16","6.2","37","14.2","15","5.8","189","72.7","No Data"
"02M313","James Baldwin School, The: A School for Expedition","2014-15","259","0","0","0","0","0","0","0","0","0","0","14","75","52","118","142","54.8","117","45.2","4","1.5","112","43.2","125","48.3","1","0.4","17","6.6","43","16.6","18","6.9","198","76.4","68.1%"
"02M313","James Baldwin School, The: A School for Expedition","2015-16","265","0","0","0","0","0","0","0","0","0","0","31","95","80","59","142","53.6","123","46.4","2","0.8","118","44.5","129","48.7","3","1.1","13","4.9","50","18.9","16","6.0","202","76.2","70.5%"
"02M313","James Baldwin School, The: A School for Expedition","2016-17","267","0","0","0","0","0","0","0","0","0","0","37","82","30","118","137","51.3","130","48.7","3","1.1","116","43.4","130","48.7","4","1.5","14","5.2","53","19.9","20","7.5","197","73.8","70.0%"
"02M313","James Baldwin School, The: A School for Expedition","2017-18","258","0","0","0","0","0","0","0","0","0","0","16","69","81","92","133","51.6","125","48.4","7","2.7","106","41.1","130","50.4","2","0.8","13","5.0","69","26.7","16","6.2","208","80.6","79.2%"
"02M316","Urban Assembly School of Business for Young Women,","2013-14","412","0","0","0","0","0","0","0","0","0","0","126","117","86","83","412","100.0","0","0.0","16","3.9","196","47.6","169","41.0","23","5.6","8","1.9","83","20.1","17","4.1","345","83.7","No Data"
"02M316","Urban Assembly School of Business for Young Women,","2014-15","405","0","0","0","0","0","0","0","0","0","0","128","106","103","68","405","100.0","0","0.0","14","3.5","214","52.8","160","39.5","9","2.2","8","2.0","75","18.5","18","4.4","330","81.5","73.0%"
"02M316","Urban Assembly School of Business for Young Women,","2015-16","359","0","0","0","0","0","0","0","0","0","0","117","91","67","84","359","100.0","0","0.0","12","3.3","196","54.6","127","35.4","15","4.2","9","2.5","72","20.1","18","5.0","301","83.8","69.8%"
"02M316","Urban Assembly School of Business for Young Women,","2016-17","275","0","0","0","0","0","0","0","0","0","0","104","67","60","44","275","100.0","0","0.0","7","2.5","156","56.7","92","33.5","16","5.8","4","1.5","39","14.2","9","3.3","222","80.7","70.3%"
"02M376","NYC iSchool","2016-17","449","0","0","0","0","0","0","0","0","0","0","109","121","114","105","247","55.0","202","45.0","35","7.8","83","18.5","131","29.2","36","8.0","164","36.5","61","13.6","2","0.4","170","37.9","38.3%"
"02M316","Urban Assembly School of Business for Young Women,","2017-18","232","0","0","0","0","0","0","0","0","0","0","65","75","40","52","232","100.0","0","0.0","6","2.6","136","58.6","72","31.0","12","5.2","6","2.6","38","16.4","12","5.2","191","82.3","78.1%"
"02M340","Sixth Avenue Elementary School","2014-15","83","51","32","0","0","0","0","0","0","0","0","0","0","0","0","49","59.0","34","41.0","8","9.6","4","4.8","14","16.9","11","13.3","46","55.4","10","12.0","0","0.0","5","6.0","12.9%"
"02M340","Sixth Avenue Elementary School","2015-16","155","70","48","37","0","0","0","0","0","0","0","0","0","0","0","81","52.3","74","47.7","15","9.7","7","4.5","22","14.2","12","7.7","99","63.9","25","16.1","0","0.0","17","11.0","11.7%"
"02M340","Sixth Avenue Elementary School","2016-17","208","63","66","44","35","0","0","0","0","0","0","0","0","0","0","113","54.3","95","45.7","19","9.1","6","2.9","22","10.6","25","12.0","136","65.4","34","16.3","3","1.4","13","6.3","9.1%"
"02M340","Sixth Avenue Elementary School","2017-18","277","71","67","63","41","35","0","0","0","0","0","0","0","0","0","146","52.7","131","47.3","20","7.2","10","3.6","36","13.0","33","11.9","178","64.3","44","15.9","3","1.1","27","9.7","13.8%"
"02M343","The Peck Slip School","2013-14","123","34","42","47","0","0","0","0","0","0","0","0","0","0","0","65","52.8","58","47.2","17","13.8","7","5.7","16","13.0","13","10.6","70","56.9","16","13.0","2","1.6","10","8.1","No Data"
"02M343","The Peck Slip School","2014-15","161","0","69","43","49","0","0","0","0","0","0","0","0","0","0","77","47.8","84","52.2","24","14.9","6","3.7","18","11.2","18","11.2","95","59.0","27","16.8","9","5.6","12","7.5","7.1%"
"02M343","The Peck Slip School","2015-16","279","36","82","72","48","41","0","0","0","0","0","0","0","0","0","146","52.3","133","47.7","45","16.1","9","3.2","37","13.3","23","8.2","165","59.1","53","19.0","13","4.7","35","12.5","9.1%"
"02M343","The Peck Slip School","2016-17","377","36","96","75","71","54","45","0","0","0","0","0","0","0","0","201","53.3","176","46.7","62","16.4","15","4.0","50","13.3","41","10.9","209","55.4","64","17.0","8","2.1","27","7.2","6.8%"
"02M343","The Peck Slip School","2017-18","441","35","97","85","70","61","51","42","0","0","0","0","0","0","0","229","51.9","212","48.1","81","18.4","20","4.5","52","11.8","57","12.9","231","52.4","75","17.0","11","2.5","41","9.3","10.3%"
"02M347","The 47 American Sign Language & English Lower Scho","2013-14","214","63","31","23","11","27","8","8","12","17","14","0","0","0","0","114","53.3","100","46.7","5","2.3","43","20.1","95","44.4","7","3.3","64","29.9","115","53.7","15","7.0","146","68.2","No Data"
"02M347","The 47 American Sign Language & English Lower Scho","2014-15","196","61","23","16","20","12","21","11","6","10","16","0","0","0","0","99","50.5","97","49.5","6","3.1","45","23.0","96","49.0","7","3.6","42","21.4","94","48.0","17","8.7","137","69.9","65.7%"
"02M347","The 47 American Sign Language & English Lower Scho","2015-16","189","60","19","18","14","18","13","19","11","6","11","0","0","0","0","93","49.2","96","50.8","7","3.7","42","22.2","87","46.0","9","4.8","44","23.3","111","58.7","12","6.3","127","67.2","61.9%"
"02M347","The 47 American Sign Language & English Lower Scho","2016-17","195","55","26","21","17","13","17","12","16","11","7","0","0","0","0","97","49.7","98","50.3","5","2.6","42","21.5","89","45.6","15","7.7","44","22.6","107","54.9","9","4.6","125","64.1","61.9%"
"02M347","The 47 American Sign Language & English Lower Scho","2017-18","197","52","32","16","20","13","10","15","12","17","10","0","0","0","0","102","51.8","95","48.2","6","3.0","39","19.8","85","43.1","17","8.6","50","25.4","103","52.3","51","25.9","122","61.9","68.4%"
"02M374","Gramercy Arts High School","2013-14","548","0","0","0","0","0","0","0","0","0","0","179","144","114","111","398","72.6","150","27.4","16","2.9","246","44.9","240","43.8","14","2.6","32","5.8","85","15.5","17","3.1","393","71.7","No Data"
"02M374","Gramercy Arts High School","2014-15","530","0","0","0","0","0","0","0","0","0","0","178","158","87","107","377","71.1","153","28.9","20","3.8","227","42.8","234","44.2","21","4.0","28","5.3","93","17.5","11","2.1","385","72.6","66.6%"
"02M374","Gramercy Arts High School","2015-16","523","0","0","0","0","0","0","0","0","0","0","160","188","90","85","377","72.1","146","27.9","22","4.2","215","41.1","224","42.8","32","6.1","30","5.7","95","18.2","11","2.1","388","74.2","64.9%"
"02M374","Gramercy Arts High School","2016-17","534","0","0","0","0","0","0","0","0","0","0","159","162","98","115","386","72.3","148","27.7","17","3.2","219","41.0","228","42.7","35","6.6","35","6.6","81","15.2","7","1.3","424","79.4","64.1%"
"02M374","Gramercy Arts High School","2017-18","491","0","0","0","0","0","0","0","0","0","0","138","152","95","106","364","74.1","127","25.9","18","3.7","176","35.8","238","48.5","29","5.9","30","6.1","81","16.5","8","1.6","402","81.9","75.5%"
"02M376","NYC iSchool","2013-14","433","0","0","0","0","0","0","0","0","0","0","113","121","104","95","227","52.4","206","47.6","44","10.2","78","18.0","181","41.8","12","2.8","118","27.3","60","13.9","2","0.5","199","46.0","No Data"
"02M376","NYC iSchool","2014-15","442","0","0","0","0","0","0","0","0","0","0","115","113","114","100","255","57.7","187","42.3","37","8.4","88","19.9","176","39.8","13","2.9","128","29.0","57","12.9","1","0.2","203","45.9","42.0%"
"02M376","NYC iSchool","2015-16","457","0","0","0","0","0","0","0","0","0","0","127","116","106","108","257","56.2","200","43.8","33","7.2","87","19.0","168","36.8","27","5.9","142","31.1","68","14.9","2","0.4","194","42.5","41.4%"
"02M376","NYC iSchool","2017-18","457","0","0","0","0","0","0","0","0","0","0","124","105","116","112","251","54.9","205","44.9","39","8.5","79","17.3","110","24.1","41","9.0","188","41.1","64","14.0","5","1.1","180","39.4","38.8%"
"02M391","District 2 Pre-K Center","2015-16","234","234","0","0","0","0","0","0","0","0","0","0","0","0","0","122","52.1","112","47.9","40","17.1","24","10.3","42","17.9","6","2.6","122","52.1","17","7.3","0","0.0","46","19.7","18.1%"
"02M391","District 2 Pre-K Center","2016-17","346","346","0","0","0","0","0","0","0","0","0","0","0","0","0","180","52.0","166","48.0","73","21.1","24","6.9","54","15.6","38","11.0","157","45.4","22","6.4","0","0.0","41","11.8","11.9%"
"02M391","District 2 Pre-K Center","2017-18","355","355","0","0","0","0","0","0","0","0","0","0","0","0","0","172","48.5","183","51.5","66","18.6","21","5.9","58","16.3","30","8.5","180","50.7","21","5.9","0","0.0","37","10.4","14.2%"
"02M392","MANHATTAN BUSINESS ACADEMY","2013-14","426","0","0","0","0","0","0","0","0","0","0","133","119","102","72","166","39.0","260","61.0","16","3.8","123","28.9","258","60.6","13","3.1","16","3.8","72","16.9","30","7.0","353","82.9","No Data"
"02M392","MANHATTAN BUSINESS ACADEMY","2014-15","438","0","0","0","0","0","0","0","0","0","0","126","121","101","90","181","41.3","257","58.7","15","3.4","124","28.3","272","62.1","12","2.7","15","3.4","80","18.3","24","5.5","339","77.4","71.9%"
"02M392","MANHATTAN BUSINESS ACADEMY","2015-16","423","0","0","0","0","0","0","0","0","0","0","118","112","103","90","197","46.6","226","53.4","16","3.8","116","27.4","258","61.0","14","3.3","19","4.5","76","18.0","22","5.2","349","82.5","68.1%"
"02M392","MANHATTAN BUSINESS ACADEMY","2016-17","432","0","0","0","0","0","0","0","0","0","0","121","116","103","92","202","46.8","230","53.2","14","3.2","107","24.8","281","65.0","12","2.8","18","4.2","87","20.1","30","6.9","371","85.9","69.9%"
"02M392","MANHATTAN BUSINESS ACADEMY","2017-18","423","0","0","0","0","0","0","0","0","0","0","131","110","93","89","190","44.9","233","55.1","22","5.2","87","20.6","287","67.8","11","2.6","16","3.8","89","21.0","32","7.6","381","90.1","79.4%"
"02M393","Business Of Sports School","2013-14","420","0","0","0","0","0","0","0","0","0","0","141","112","82","85","119","28.3","301","71.7","8","1.9","163","38.8","234","55.7","6","1.4","9","2.1","95","22.6","25","6.0","274","65.2","No Data"
"02M393","Business Of Sports School","2014-15","449","0","0","0","0","0","0","0","0","0","0","163","129","84","73","125","27.8","324","72.2","10","2.2","163","36.3","266","59.2","5","1.1","5","1.1","100","22.3","33","7.3","280","62.4","71.3%"
"02M393","Business Of Sports School","2015-16","448","0","0","0","0","0","0","0","0","0","0","151","122","101","74","155","34.6","293","65.4","9","2.0","144","32.1","287","64.1","3","0.7","5","1.1","104","23.2","30","6.7","278","62.1","70.9%"
"02M393","Business Of Sports School","2016-17","449","0","0","0","0","0","0","0","0","0","0","143","123","92","91","171","38.1","278","61.9","9","2.0","142","31.6","282","62.8","6","1.3","10","2.2","112","24.9","38","8.5","296","65.9","72.7%"
"02M393","Business Of Sports School","2017-18","426","0","0","0","0","0","0","0","0","0","0","130","122","90","84","178","41.8","248","58.2","6","1.4","143","33.6","261","61.3","6","1.4","10","2.3","108","25.4","36","8.5","312","73.2","79.9%"
"02M394","Emma Lazarus High School","2013-14","221","0","0","0","0","0","0","0","0","0","0","42","98","39","42","102","46.2","119","53.8","141","63.8","18","8.1","47","21.3","0","0.0","15","6.8","0","0.0","194","87.8","213","96.4","No Data"
"02M394","Emma Lazarus High School","2014-15","228","0","0","0","0","0","0","0","0","0","0","104","100","21","3","107","46.9","121","53.1","146","64.0","22","9.6","43","18.9","3","1.3","14","6.1","0","0.0","181","79.4","221","96.9","97.5%"
"02M394","Emma Lazarus High School","2015-16","266","0","0","0","0","0","0","0","0","0","0","121","122","23","0","123","46.2","143","53.8","143","53.8","29","10.9","65","24.4","5","1.9","24","9.0","0","0.0","199","74.8","249","93.6","96.9%"
"02M394","Emma Lazarus High School","2016-17","309","0","0","0","0","0","0","0","0","0","0","121","111","64","13","139","45.0","170","55.0","149","48.2","25","8.1","103","33.3","7","2.3","25","8.1","0","0.0","247","79.9","290","93.9","96.5%"
"02M394","Emma Lazarus High School","2017-18","296","0","0","0","0","0","0","0","0","0","0","173","29","94","0","139","47.0","157","53.0","134","45.3","30","10.1","98","33.1","8","2.7","26","8.8","0","0.0","237","80.1","284","95.9","99.6%"
"02M397","Spruce Street School","2013-14","362","62","70","59","74","51","46","0","0","0","0","0","0","0","0","169","46.7","193","53.3","56","15.5","9","2.5","44","12.2","47","13.0","206","56.9","48","13.3","9","2.5","30","8.3","No Data"
"02M397","Spruce Street School","2014-15","430","83","70","60","53","69","48","47","0","0","0","0","0","0","0","204","47.4","226","52.6","61","14.2","11","2.6","53","12.3","57","13.3","248","57.7","60","14.0","7","1.6","39","9.1","5.8%"
"02M397","Spruce Street School","2015-16","443","35","69","64","55","45","66","46","63","0","0","0","0","0","0","217","49.0","226","51.0","61","13.8","12","2.7","55","12.4","57","12.9","258","58.2","66","14.9","9","2.0","49","11.1","7.6%"
"02M397","Spruce Street School","2016-17","508","36","72","63","63","49","46","61","61","57","0","0","0","0","0","254","50.0","254","50.0","79","15.6","17","3.3","64","12.6","68","13.4","280","55.1","78","15.4","14","2.8","63","12.4","9.8%"
"02M397","Spruce Street School","2017-18","539","18","68","69","61","54","48","46","62","58","55","0","0","0","0","264","49.0","275","51.0","85","15.8","18","3.3","75","13.9","64","11.9","297","55.1","91","16.9","16","3.0","71","13.2","13.3%"
"02M399","The High School For Language And Diplomacy","2013-14","358","0","0","0","0","0","0","0","0","0","0","113","108","80","57","191","53.4","167","46.6","122","34.1","68","19.0","147","41.1","7","2.0","14","3.9","65","18.2","57","15.9","313","87.4","No Data"
"02M399","The High School For Language And Diplomacy","2014-15","437","0","0","0","0","0","0","0","0","0","0","139","108","104","86","244","55.8","193","44.2","137","31.4","89","20.4","176","40.3","11","2.5","24","5.5","76","17.4","53","12.1","375","85.8","70.7%"
"02M399","The High School For Language And Diplomacy","2015-16","443","0","0","0","0","0","0","0","0","0","0","104","127","105","107","245","55.3","198","44.7","138","31.2","82","18.5","193","43.6","9","2.0","21","4.7","78","17.6","45","10.2","373","84.2","71.2%"
"02M399","The High School For Language And Diplomacy","2016-17","402","0","0","0","0","0","0","0","0","0","0","80","93","126","103","223","55.5","179","44.5","118","29.4","82","20.4","171","42.5","10","2.5","21","5.2","64","15.9","42","10.4","308","76.6","70.3%"
"02M399","The High School For Language And Diplomacy","2017-18","327","0","0","0","0","0","0","0","0","0","0","48","92","68","119","176","53.8","151","46.2","102","31.2","65","19.9","137","41.9","8","2.4","15","4.6","54","16.5","46","14.1","253","77.4","81.3%"
"02M400","High School for Environmental Studies","2013-14","1312","0","0","0","0","0","0","0","0","0","0","355","333","314","310","647","49.3","665","50.7","224","17.1","203","15.5","777","59.2","7","0.5","101","7.7","210","16.0","99","7.5","1013","77.2","No Data"
"02M400","High School for Environmental Studies","2014-15","1301","0","0","0","0","0","0","0","0","0","0","346","337","318","300","656","50.4","645","49.6","196","15.1","192","14.8","817","62.8","10","0.8","86","6.6","216","16.6","93","7.1","968","74.4","68.9%"
"02M400","High School for Environmental Studies","2015-16","1259","0","0","0","0","0","0","0","0","0","0","356","325","318","260","627","49.8","632","50.2","168","13.3","188","14.9","807","64.1","16","1.3","80","6.4","214","17.0","103","8.2","961","76.3","69.5%"
"02M400","High School for Environmental Studies","2016-17","1227","0","0","0","0","0","0","0","0","0","0","299","286","308","334","629","51.3","598","48.7","159","13.0","203","16.5","772","62.9","15","1.2","78","6.4","217","17.7","95","7.7","975","79.5","68.3%"
"02M422","Quest to Learn","2015-16","662","0","0","0","0","0","0","0","108","87","117","109","95","81","65","210","31.7","452","68.3","72","10.9","127","19.2","232","35.0","38","5.7","193","29.2","215","32.5","19","2.9","306","46.2","43.4%"
"02M400","High School for Environmental Studies","2017-18","1194","0","0","0","0","0","0","0","0","0","0","299","296","285","314","608","50.9","586","49.1","145","12.1","196","16.4","756","63.3","18","1.5","79","6.6","224","18.8","100","8.4","967","81.0","78.8%"
"02M407","Institute for Collaborative Education","2013-14","468","0","0","0","0","0","0","0","66","66","69","48","75","68","76","231","49.4","237","50.6","36","7.7","56","12.0","80","17.1","42","9.0","254","54.3","31","6.6","2","0.4","112","23.9","No Data"
"02M407","Institute for Collaborative Education","2014-15","482","0","0","0","0","0","0","0","63","72","71","69","61","75","71","232","48.1","250","51.9","32","6.6","70","14.5","75","15.6","33","6.8","272","56.4","35","7.3","0","0.0","91","18.9","26.4%"
"02M407","Institute for Collaborative Education","2015-16","484","0","0","0","0","0","0","0","65","64","73","70","74","61","77","237","49.0","247","51.0","33","6.8","76","15.7","77","15.9","33","6.8","265","54.8","36","7.4","0","0.0","88","18.2","26.5%"
"02M407","Institute for Collaborative Education","2016-17","486","0","0","0","0","0","0","0","68","72","72","65","74","66","69","243","50.0","243","50.0","33","6.8","85","17.5","83","17.1","33","6.8","252","51.9","47","9.7","1","0.2","101","20.8","27.5%"
"02M407","Institute for Collaborative Education","2017-18","492","0","0","0","0","0","0","0","64","68","75","69","70","70","76","230","46.7","262","53.3","34","6.9","94","19.1","82","16.7","26","5.3","256","52.0","52","10.6","4","0.8","123","25.0","32.6%"
"02M408","Professional Performing Arts High School","2013-14","512","0","0","0","0","0","0","0","29","33","33","103","118","99","97","381","74.4","131","25.6","25","4.9","124","24.2","108","21.1","13","2.5","242","47.3","37","7.2","1","0.2","173","33.8","No Data"
"02M408","Professional Performing Arts High School","2014-15","536","0","0","0","0","0","0","0","28","32","33","133","99","113","98","392","73.1","144","26.9","17","3.2","125","23.3","109","20.3","32","6.0","253","47.2","60","11.2","1","0.2","179","33.4","32.7%"
"02M408","Professional Performing Arts High School","2015-16","546","0","0","0","0","0","0","0","33","29","32","109","135","95","113","407","74.5","139","25.5","26","4.8","124","22.7","110","20.1","48","8.8","238","43.6","67","12.3","1","0.2","188","34.4","33.9%"
"02M408","Professional Performing Arts High School","2016-17","544","0","0","0","0","0","0","0","32","33","30","125","103","129","92","411","75.6","133","24.4","35","6.4","105","19.3","108","19.9","73","13.4","223","41.0","80","14.7","0","0.0","158","29.0","33.1%"
"02M408","Professional Performing Arts High School","2017-18","565","0","0","0","0","0","0","0","58","31","33","94","124","99","126","423","74.9","142","25.1","37","6.5","120","21.2","121","21.4","46","8.1","241","42.7","84","14.9","1","0.2","206","36.5","38.5%"
"02M411","Baruch College Campus High School","2013-14","439","0","0","0","0","0","0","0","0","0","0","116","109","107","107","248","56.5","191","43.5","257","58.5","27","6.2","65","14.8","4","0.9","86","19.6","25","5.7","0","0.0","290","66.1","No Data"
"02M411","Baruch College Campus High School","2014-15","451","0","0","0","0","0","0","0","0","0","0","120","116","110","105","269","59.6","182","40.4","246","54.5","28","6.2","65","14.4","6","1.3","106","23.5","45","10.0","1","0.2","269","59.6","46.7%"
"02M411","Baruch College Campus High School","2015-16","445","0","0","0","0","0","0","0","0","0","0","106","118","114","107","251","56.4","194","43.6","221","49.7","26","5.8","57","12.8","7","1.6","134","30.1","60","13.5","1","0.2","226","50.8","41.7%"
"02M411","Baruch College Campus High School","2016-17","440","0","0","0","0","0","0","0","0","0","0","103","109","116","112","262","59.5","178","40.5","198","45.0","20","4.5","63","14.3","10","2.3","149","33.9","68","15.5","2","0.5","190","43.2","35.1%"
"02M411","Baruch College Campus High School","2017-18","460","0","0","0","0","0","0","0","0","0","0","124","110","110","116","269","58.5","191","41.5","180","39.1","21","4.6","61","13.3","19","4.1","179","38.9","73","15.9","2","0.4","192","41.7","39.5%"
"02M412","N.Y.C. Lab School for Collaborative Studies","2013-14","599","0","0","0","0","0","0","0","0","0","0","162","136","173","128","333","55.6","266","44.4","171","28.5","45","7.5","96","16.0","22","3.7","265","44.2","92","15.4","4","0.7","220","36.7","No Data"
"02M412","N.Y.C. Lab School for Collaborative Studies","2014-15","587","0","0","0","0","0","0","0","0","0","0","134","155","133","165","324","55.2","263","44.8","162","27.6","35","6.0","91","15.5","29","4.9","270","46.0","88","15.0","1","0.2","210","35.8","31.6%"
"02M412","N.Y.C. Lab School for Collaborative Studies","2015-16","527","0","0","0","0","0","0","0","0","0","0","117","127","149","134","295","56.0","232","44.0","128","24.3","29","5.5","81","15.4","30","5.7","259","49.1","87","16.5","1","0.2","170","32.3","27.3%"
"02M412","N.Y.C. Lab School for Collaborative Studies","2016-17","531","0","0","0","0","0","0","0","0","0","0","129","122","129","151","286","53.9","245","46.1","113","21.3","29","5.5","78","14.7","40","7.5","271","51.0","95","17.9","2","0.4","151","28.4","24.8%"
"02M412","N.Y.C. Lab School for Collaborative Studies","2017-18","498","0","0","0","0","0","0","0","0","0","0","124","129","118","127","256","51.4","242","48.6","98","19.7","22","4.4","66","13.3","36","7.2","276","55.4","97","19.5","4","0.8","143","28.7","31.2%"
"02M413","School of the Future High School","2013-14","715","0","0","0","0","0","0","0","107","92","96","118","104","100","98","364","50.9","351","49.1","114","15.9","86","12.0","199","27.8","61","8.5","255","35.7","106","14.8","4","0.6","279","39.0","No Data"
"02M413","School of the Future High School","2014-15","713","0","0","0","0","0","0","0","101","101","93","112","113","99","94","362","50.8","351","49.2","104","14.6","74","10.4","216","30.3","64","9.0","255","35.8","108","15.1","5","0.7","269","37.7","35.4%"
"02M413","School of the Future High School","2015-16","747","0","0","0","0","0","0","0","112","94","102","123","110","110","96","373","49.9","374","50.1","113","15.1","83","11.1","216","28.9","61","8.2","274","36.7","137","18.3","6","0.8","270","36.1","33.5%"
"02M413","School of the Future High School","2016-17","763","0","0","0","0","0","0","0","111","107","89","119","119","111","107","373","48.9","390","51.1","119","15.6","87","11.4","213","27.9","61","8.0","283","37.1","154","20.2","8","1.0","257","33.7","32.7%"
"02M413","School of the Future High School","2017-18","750","0","0","0","0","0","0","0","104","105","103","108","116","113","101","358","47.7","392","52.3","128","17.1","83","11.1","198","26.4","68","9.1","273","36.4","157","20.9","13","1.7","292","38.9","41.4%"
"02M414","N.Y.C. Museum School","2013-14","462","0","0","0","0","0","0","0","0","0","0","128","127","110","97","265","57.4","197","42.6","143","31.0","58","12.6","187","40.5","12","2.6","62","13.4","32","6.9","5","1.1","349","75.5","No Data"
"02M414","N.Y.C. Museum School","2014-15","471","0","0","0","0","0","0","0","0","0","0","116","121","123","111","260","55.2","211","44.8","160","34.0","60","12.7","187","39.7","6","1.3","58","12.3","36","7.6","3","0.6","343","72.8","58.8%"
"02M414","N.Y.C. Museum School","2015-16","446","0","0","0","0","0","0","0","0","0","0","96","113","118","119","265","59.4","181","40.6","151","33.9","59","13.2","169","37.9","12","2.7","55","12.3","36","8.1","3","0.7","336","75.3","57.9%"
"02M414","N.Y.C. Museum School","2016-17","454","0","0","0","0","0","0","0","0","0","0","125","95","117","117","276","60.8","178","39.2","135","29.7","59","13.0","166","36.6","21","4.6","73","16.1","48","10.6","6","1.3","329","72.5","55.6%"
"02M414","N.Y.C. Museum School","2017-18","450","0","0","0","0","0","0","0","0","0","0","120","118","97","115","268","59.6","182","40.4","131","29.1","61","13.6","152","33.8","21","4.7","85","18.9","77","17.1","6","1.3","299","66.4","63.0%"
"02M416","Eleanor Roosevelt High School","2013-14","531","0","0","0","0","0","0","0","0","0","0","140","132","131","128","323","60.8","208","39.2","112","21.1","20","3.8","56","10.5","13","2.4","330","62.1","17","3.2","3","0.6","134","25.2","No Data"
"02M416","Eleanor Roosevelt High School","2014-15","541","0","0","0","0","0","0","0","0","0","0","131","140","141","129","322","59.5","219","40.5","109","20.1","24","4.4","59","10.9","17","3.1","332","61.4","32","5.9","0","0.0","133","24.6","21.0%"
"02M416","Eleanor Roosevelt High School","2015-16","554","0","0","0","0","0","0","0","0","0","0","125","144","147","138","328","59.2","226","40.8","119","21.5","22","4.0","47","8.5","22","4.0","344","62.1","43","7.8","1","0.2","121","21.8","18.6%"
"02M416","Eleanor Roosevelt High School","2016-17","543","0","0","0","0","0","0","0","0","0","0","130","125","142","146","328","60.4","215","39.6","111","20.4","22","4.1","59","10.9","7","1.3","344","63.4","62","11.4","0","0.0","117","21.5","19.4%"
"02M416","Eleanor Roosevelt High School","2017-18","541","0","0","0","0","0","0","0","0","0","0","133","136","130","142","327","60.4","214","39.6","91","16.8","18","3.3","66","12.2","19","3.5","347","64.1","78","14.4","0","0.0","115","21.3","22.9%"
"02M418","Millennium High School","2013-14","619","0","0","0","0","0","0","0","0","0","0","142","176","153","148","386","62.4","233","37.6","224","36.2","44","7.1","118","19.1","16","2.6","217","35.1","56","9.0","1","0.2","267","43.1","No Data"
"02M418","Millennium High School","2014-15","659","0","0","0","0","0","0","0","0","0","0","186","149","173","151","419","63.6","240","36.4","252","38.2","48","7.3","120","18.2","20","3.0","219","33.2","62","9.4","3","0.5","287","43.6","40.2%"
"02M418","Millennium High School","2015-16","641","0","0","0","0","0","0","0","0","0","0","140","186","144","171","416","64.9","225","35.1","257","40.1","42","6.6","119","18.6","25","3.9","198","30.9","68","10.6","5","0.8","287","44.8","40.5%"
"02M418","Millennium High School","2016-17","659","0","0","0","0","0","0","0","0","0","0","188","152","177","142","416","63.1","243","36.9","275","41.7","43","6.5","100","15.2","23","3.5","218","33.1","78","11.8","8","1.2","292","44.3","40.3%"
"02M418","Millennium High School","2017-18","666","0","0","0","0","0","0","0","0","0","0","174","178","141","173","416","62.5","250","37.5","300","45.0","36","5.4","88","13.2","33","5.0","209","31.4","81","12.2","6","0.9","310","46.5","47.6%"
"02M419","Landmark High School","2013-14","396","0","0","0","0","0","0","0","0","0","0","113","114","85","84","200","50.5","196","49.5","21","5.3","82","20.7","280","70.7","4","1.0","9","2.3","91","23.0","63","15.9","352","88.9","No Data"
"02M419","Landmark High School","2014-15","355","0","0","0","0","0","0","0","0","0","0","98","103","75","79","189","53.2","166","46.8","14","3.9","83","23.4","243","68.5","9","2.5","6","1.7","87","24.5","37","10.4","314","88.5","79.8%"
"02M419","Landmark High School","2015-16","370","0","0","0","0","0","0","0","0","0","0","125","87","81","77","207","55.9","163","44.1","8","2.2","113","30.5","232","62.7","10","2.7","7","1.9","91","24.6","28","7.6","318","85.9","77.5%"
"02M419","Landmark High School","2016-17","380","0","0","0","0","0","0","0","0","0","0","122","107","85","66","208","54.7","172","45.3","10","2.6","129","33.9","223","58.7","11","2.9","7","1.8","90","23.7","26","6.8","329","86.6","76.8%"
"02M419","Landmark High School","2017-18","348","0","0","0","0","0","0","0","0","0","0","81","94","100","73","189","54.3","159","45.7","11","3.2","116","33.3","206","59.2","6","1.7","9","2.6","81","23.3","23","6.6","307","88.2","84.8%"
"02M420","High School for Health Professions and Human Servi","2013-14","1706","0","0","0","0","0","0","0","0","0","0","457","487","408","354","1181","69.2","525","30.8","372","21.8","377","22.1","842","49.4","12","0.7","103","6.0","220","12.9","88","5.2","1099","64.4","No Data"
"02M420","High School for Health Professions and Human Servi","2014-15","1664","0","0","0","0","0","0","0","0","0","0","469","458","362","375","1170","70.3","494","29.7","373","22.4","314","18.9","848","51.0","8","0.5","121","7.3","207","12.4","71","4.3","1086","65.3","66.6%"
"02M420","High School for Health Professions and Human Servi","2015-16","1700","0","0","0","0","0","0","0","0","0","0","511","483","375","331","1195","70.3","505","29.7","351","20.6","308","18.1","901","53.0","14","0.8","126","7.4","221","13.0","107","6.3","1098","64.6","67.0%"
"02M420","High School for Health Professions and Human Servi","2016-17","1792","0","0","0","0","0","0","0","0","0","0","551","478","405","358","1252","69.9","540","30.1","358","20.0","303","16.9","950","53.0","36","2.0","145","8.1","237","13.2","120","6.7","1160","64.7","65.5%"
"02M420","High School for Health Professions and Human Servi","2017-18","1819","0","0","0","0","0","0","0","0","0","0","515","529","401","374","1294","71.1","525","28.9","386","21.2","292","16.1","972","53.4","32","1.8","137","7.5","237","13.0","99","5.4","1281","70.4","75.1%"
"02M422","Quest to Learn","2013-14","478","0","0","0","0","0","0","0","114","99","84","103","78","0","0","140","29.3","338","70.7","44","9.2","69","14.4","164","34.3","25","5.2","176","36.8","133","27.8","12","2.5","201","42.1","No Data"
"02M422","Quest to Learn","2014-15","564","0","0","0","0","0","0","0","94","110","95","93","95","77","0","162","28.7","402","71.3","54","9.6","87","15.4","204","36.2","28","5.0","191","33.9","176","31.2","13","2.3","239","42.4","39.2%"
"02M422","Quest to Learn","2016-17","643","0","0","0","0","0","0","0","90","95","90","137","82","79","70","204","31.7","439","68.3","71","11.0","130","20.2","260","40.4","36","5.6","146","22.7","211","32.8","17","2.6","348","54.1","49.2%"
"02M422","Quest to Learn","2017-18","586","0","0","0","0","0","0","0","54","74","94","103","117","79","65","216","36.9","370","63.1","63","10.8","129","22.0","250","42.7","25","4.3","119","20.3","175","29.9","16","2.7","401","68.4","62.6%"
"02M425","Leadership and Public Service High School","2013-14","685","0","0","0","0","0","0","0","0","0","0","242","188","137","118","381","55.6","304","44.4","37","5.4","185","27.0","420","61.3","14","2.0","29","4.2","128","18.7","44","6.4","540","78.8","No Data"
"02M425","Leadership and Public Service High School","2014-15","699","0","0","0","0","0","0","0","0","0","0","214","211","145","129","401","57.4","298","42.6","27","3.9","198","28.3","433","61.9","12","1.7","29","4.1","142","20.3","47","6.7","530","75.8","74.6%"
"02M425","Leadership and Public Service High School","2015-16","684","0","0","0","0","0","0","0","0","0","0","223","119","173","169","395","57.7","289","42.3","35","5.1","189","27.6","421","61.5","16","2.3","23","3.4","133","19.4","45","6.6","510","74.6","74.5%"
"02M425","Leadership and Public Service High School","2016-17","608","0","0","0","0","0","0","0","0","0","0","171","189","115","133","341","56.1","267","43.9","31","5.1","181","29.8","365","60.0","12","2.0","19","3.1","114","18.8","36","5.9","560","92.1","72.7%"
"02M425","Leadership and Public Service High School","2017-18","523","0","0","0","0","0","0","0","0","0","0","137","139","150","97","294","56.2","229","43.8","39","7.5","144","27.5","313","59.8","8","1.5","19","3.6","97","18.5","27","5.2","425","81.3","82.4%"
"02M427","MANHATTAN ACADEMY FOR ARTS & LANGUAGE","2013-14","312","0","0","0","0","0","0","0","0","0","0","82","126","40","64","153","49.0","159","51.0","10","3.2","19","6.1","278","89.1","0","0.0","5","1.6","16","5.1","256","82.1","280","89.7","No Data"
"02M427","MANHATTAN ACADEMY FOR ARTS & LANGUAGE","2014-15","334","0","0","0","0","0","0","0","0","0","0","117","102","45","70","169","50.6","165","49.4","9","2.7","16","4.8","304","91.0","0","0.0","5","1.5","11","3.3","262","78.4","285","85.3","90.3%"
"02M427","MANHATTAN ACADEMY FOR ARTS & LANGUAGE","2015-16","288","0","0","0","0","0","0","0","0","0","0","95","98","44","51","138","47.9","150","52.1","7","2.4","11","3.8","263","91.3","0","0.0","7","2.4","13","4.5","215","74.7","268","93.1","94.2%"
"02M427","MANHATTAN ACADEMY FOR ARTS & LANGUAGE","2016-17","288","0","0","0","0","0","0","0","0","0","0","87","99","60","42","132","45.8","156","54.2","8","2.8","11","3.8","262","91.0","0","0.0","7","2.4","22","7.6","214","74.3","272","94.4","90.3%"
"02M427","MANHATTAN ACADEMY FOR ARTS & LANGUAGE","2017-18","269","0","0","0","0","0","0","0","0","0","0","71","80","62","56","124","46.1","145","53.9","4","1.5","10","3.7","247","91.8","0","0.0","8","3.0","19","7.1","174","64.7","245","91.1","95.6%"
"02M432","Murray Hill Academy","2013-14","305","0","0","0","0","0","0","0","0","0","0","70","105","61","69","134","43.9","171","56.1","22","7.2","114","37.4","157","51.5","1","0.3","11","3.6","83","27.2","19","6.2","246","80.7","No Data"
"02M432","Murray Hill Academy","2014-15","283","0","0","0","0","0","0","0","0","0","0","69","90","69","55","134","47.3","149","52.7","19","6.7","93","32.9","155","54.8","4","1.4","12","4.2","73","25.8","11","3.9","226","79.9","67.8%"
"02M432","Murray Hill Academy","2015-16","290","0","0","0","0","0","0","0","0","0","0","91","82","57","60","139","47.9","151","52.1","20","6.9","95","32.8","154","53.1","5","1.7","16","5.5","66","22.8","10","3.4","238","82.1","69.9%"
"02M432","Murray Hill Academy","2016-17","315","0","0","0","0","0","0","0","0","0","0","113","102","49","51","162","51.4","153","48.6","18","5.7","98","31.1","171","54.3","8","2.5","20","6.3","82","26.0","17","5.4","251","79.7","70.5%"
"02M432","Murray Hill Academy","2017-18","317","0","0","0","0","0","0","0","0","0","0","105","114","58","40","161","50.8","156","49.2","24","7.6","99","31.2","168","53.0","10","3.2","16","5.0","76","24.0","18","5.7","263","83.0","79.0%"
"02M437","Hudson High School of Learning Technologies","2013-14","462","0","0","0","0","0","0","0","0","0","0","171","124","97","70","158","34.2","304","65.8","25","5.4","127","27.5","276","59.7","10","2.2","24","5.2","94","20.3","41","8.9","352","76.2","No Data"
"02M437","Hudson High School of Learning Technologies","2014-15","483","0","0","0","0","0","0","0","0","0","0","119","142","128","94","161","33.3","322","66.7","31","6.4","142","29.4","287","59.4","8","1.7","15","3.1","107","22.2","42","8.7","392","81.2","75.1%"
"02M437","Hudson High School of Learning Technologies","2015-16","501","0","0","0","0","0","0","0","0","0","0","142","110","120","129","169","33.7","332","66.3","31","6.2","140","27.9","303","60.5","11","2.2","16","3.2","110","22.0","46","9.2","415","82.8","74.4%"
"02M437","Hudson High School of Learning Technologies","2016-17","483","0","0","0","0","0","0","0","0","0","0","123","130","101","129","153","31.7","330","68.3","34","7.0","142","29.4","279","57.8","11","2.3","17","3.5","116","24.0","45","9.3","422","87.4","72.5%"
"02M437","Hudson High School of Learning Technologies","2017-18","476","0","0","0","0","0","0","0","0","0","0","121","128","118","109","153","32.1","323","67.9","31","6.5","136","28.6","277","58.2","13","2.7","19","4.0","117","24.6","47","9.9","399","83.8","81.7%"
"02M438","International High School at Union Square","2013-14","339","0","0","0","0","0","0","0","0","0","0","73","102","77","87","143","42.2","196","57.8","131","38.6","40","11.8","142","41.9","0","0.0","26","7.7","16","4.7","305","90.0","296","87.3","No Data"
"02M438","International High School at Union Square","2014-15","353","0","0","0","0","0","0","0","0","0","0","68","100","87","98","155","43.9","198","56.1","108","30.6","50","14.2","160","45.3","0","0.0","35","9.9","17","4.8","305","86.4","310","87.8","94.0%"
"02M438","International High School at Union Square","2015-16","356","0","0","0","0","0","0","0","0","0","0","66","91","95","104","163","45.8","193","54.2","94","26.4","54","15.2","172","48.3","0","0.0","36","10.1","13","3.7","297","83.4","318","89.3","94.3%"
"02M438","International High School at Union Square","2016-17","362","0","0","0","0","0","0","0","0","0","0","103","97","76","86","156","43.1","206","56.9","74","20.4","73","20.2","185","51.1","1","0.3","29","8.0","12","3.3","303","83.7","322","89.0","94.6%"
"02M438","International High School at Union Square","2017-18","360","0","0","0","0","0","0","0","0","0","0","82","101","88","89","152","42.2","208","57.8","65","18.1","66","18.3","196","54.4","2","0.6","31","8.6","12","3.3","301","83.6","286","79.4","97.7%"
"02M439","Manhattan Village Academy","2013-14","414","0","0","0","0","0","0","0","0","0","0","104","103","88","119","277","66.9","137","33.1","26","6.3","51","12.3","301","72.7","9","2.2","27","6.5","41","9.9","16","3.9","312","75.4","No Data"
"02M439","Manhattan Village Academy","2014-15","415","0","0","0","0","0","0","0","0","0","0","130","103","100","82","280","67.5","135","32.5","30","7.2","40","9.6","279","67.2","36","8.7","30","7.2","47","11.3","11","2.7","315","75.9","60.2%"
"02M439","Manhattan Village Academy","2015-16","441","0","0","0","0","0","0","0","0","0","0","116","130","97","98","284","64.4","157","35.6","29","6.6","53","12.0","272","61.7","50","11.3","37","8.4","62","14.1","5","1.1","326","73.9","61.1%"
"02M439","Manhattan Village Academy","2016-17","432","0","0","0","0","0","0","0","0","0","0","99","112","131","90","275","63.7","157","36.3","31","7.2","49","11.3","258","59.7","60","13.9","34","7.9","65","15.0","7","1.6","329","76.2","63.0%"
"02M439","Manhattan Village Academy","2017-18","456","0","0","0","0","0","0","0","0","0","0","106","114","110","126","273","59.9","183","40.1","41","9.0","62","13.6","308","67.5","6","1.3","39","8.6","71","15.6","8","1.8","352","77.2","68.4%"
"02M442","Ballet Tech, NYC Public School for Dance","2013-14","149","0","0","0","0","0","45","35","24","21","24","0","0","0","0","89","59.7","60","40.3","59","39.6","40","26.8","27","18.1","4","2.7","19","12.8","4","2.7","2","1.3","92","61.7","No Data"
"02M442","Ballet Tech, NYC Public School for Dance","2014-15","150","0","0","0","0","0","43","43","21","22","21","0","0","0","0","85","56.7","65","43.3","56","37.3","36","24.0","24","16.0","5","3.3","29","19.3","3","2.0","1","0.7","95","63.3","45.6%"
"02M442","Ballet Tech, NYC Public School for Dance","2015-16","152","0","0","0","0","0","40","44","25","20","23","0","0","0","0","81","53.3","71","46.7","55","36.2","38","25.0","24","15.8","6","3.9","29","19.1","5","3.3","0","0.0","85","55.9","44.6%"
"02M442","Ballet Tech, NYC Public School for Dance","2016-17","150","0","0","0","0","0","39","41","24","26","20","0","0","0","0","81","54.0","69","46.0","45","30.0","44","29.3","26","17.3","7","4.7","28","18.7","5","3.3","3","2.0","83","55.3","41.1%"
"02M442","Ballet Tech, NYC Public School for Dance","2017-18","141","0","0","0","0","0","37","37","19","23","25","0","0","0","0","70","49.6","71","50.4","45","31.9","27","19.1","30","21.3","8","5.7","31","22.0","6","4.3","2","1.4","75","53.2","43.9%"
"02M449","Vanguard High School","2013-14","469","0","0","0","0","0","0","0","0","0","0","154","105","106","104","250","53.3","219","46.7","46","9.8","121","25.8","268","57.1","10","2.1","24","5.1","101","21.5","28","6.0","362","77.2","No Data"
"02M449","Vanguard High School","2014-15","486","0","0","0","0","0","0","0","0","0","0","159","127","86","114","262","53.9","224","46.1","36","7.4","131","27.0","280","57.6","16","3.3","23","4.7","106","21.8","38","7.8","367","75.5","67.8%"
"02M449","Vanguard High School","2015-16","461","0","0","0","0","0","0","0","0","0","0","124","140","107","90","250","54.2","211","45.8","27","5.9","116","25.2","268","58.1","20","4.3","30","6.5","102","22.1","29","6.3","341","74.0","65.2%"
"02M449","Vanguard High School","2016-17","459","0","0","0","0","0","0","0","0","0","0","131","115","112","101","234","51.0","225","49.0","24","5.2","116","25.3","281","61.2","18","3.9","20","4.4","109","23.7","22","4.8","350","76.3","69.2%"
"02M449","Vanguard High School","2017-18","446","0","0","0","0","0","0","0","0","0","0","124","117","94","111","232","52.0","214","48.0","20","4.5","123","27.6","263","59.0","16","3.6","24","5.4","106","23.8","16","3.6","360","80.7","78.5%"
"02M459","Manhattan International High School","2013-14","331","0","0","0","0","0","0","0","0","0","0","95","98","67","71","173","52.3","158","47.7","116","35.0","54","16.3","116","35.0","2","0.6","43","13.0","9","2.7","256","77.3","207","62.5","No Data"
"02M459","Manhattan International High School","2014-15","343","0","0","0","0","0","0","0","0","0","0","91","88","94","70","170","49.6","173","50.4","101","29.4","57","16.6","141","41.1","2","0.6","42","12.2","14","4.1","263","76.7","205","59.8","90.9%"
"02M459","Manhattan International High School","2015-16","342","0","0","0","0","0","0","0","0","0","0","92","91","79","80","158","46.2","184","53.8","84","24.6","54","15.8","162","47.4","1","0.3","41","12.0","14","4.1","230","67.3","180","52.6","91.5%"
"02M459","Manhattan International High School","2016-17","331","0","0","0","0","0","0","0","0","0","0","89","95","78","69","153","46.2","178","53.8","65","19.6","51","15.4","175","52.9","1","0.3","39","11.8","13","3.9","236","71.3","161","48.6","90.1%"
"02M459","Manhattan International High School","2017-18","337","0","0","0","0","0","0","0","0","0","0","90","90","81","76","151","44.8","186","55.2","59","17.5","50","14.8","181","53.7","1","0.3","46","13.6","9","2.7","231","68.5","278","82.5","93.7%"
"02M475","Stuyvesant High School","2013-14","3292","0","0","0","0","0","0","0","0","0","0","847","817","810","818","1330","40.4","1962","59.6","2409","73.2","33","1.0","77","2.3","60","1.8","713","21.7","24","0.7","2","0.1","1555","47.2","No Data"
"02M475","Stuyvesant High School","2014-15","3296","0","0","0","0","0","0","0","0","0","0","836","849","806","805","1359","41.2","1937","58.8","2417","73.3","28","0.8","85","2.6","92","2.8","674","20.4","17","0.5","2","0.1","1500","45.5","32.8%"
"02M475","Stuyvesant High School","2015-16","3327","0","0","0","0","0","0","0","0","0","0","841","842","842","802","1419","42.7","1908","57.3","2443","73.4","20","0.6","88","2.6","142","4.3","634","19.1","18","0.5","0","0.0","1434","43.1","32.6%"
"02M475","Stuyvesant High School","2016-17","3365","0","0","0","0","0","0","0","0","0","0","851","847","834","833","1455","43.2","1910","56.8","2507","74.5","21","0.6","82","2.4","153","4.5","602","17.9","20","0.6","1","0.0","1526","45.3","32.3%"
"02M475","Stuyvesant High School","2017-18","3336","0","0","0","0","0","0","0","0","0","0","823","857","828","828","1428","42.8","1906","57.1","2451","73.5","24","0.7","92","2.8","174","5.2","595","17.8","14","0.4","0","0.0","1477","44.3","41.8%"
"02M489","High School of Economics and Finance","2013-14","767","0","0","0","0","0","0","0","0","0","0","240","202","191","134","326","42.5","441","57.5","186","24.3","167","21.8","351","45.8","6","0.8","57","7.4","115","15.0","61","8.0","610","79.5","No Data"
"02M489","High School of Economics and Finance","2014-15","796","0","0","0","0","0","0","0","0","0","0","250","199","164","183","347","43.6","449","56.4","173","21.7","177","22.2","382","48.0","7","0.9","57","7.2","114","14.3","48","6.0","632","79.4","66.7%"
"02M489","High School of Economics and Finance","2015-16","761","0","0","0","0","0","0","0","0","0","0","220","215","159","167","309","40.6","452","59.4","169","22.2","168","22.1","359","47.2","7","0.9","58","7.6","139","18.3","39","5.1","586","77.0","64.5%"
"02M489","High School of Economics and Finance","2016-17","762","0","0","0","0","0","0","0","0","0","0","226","197","181","158","320","42.0","442","58.0","164","21.5","191","25.1","340","44.6","11","1.4","56","7.3","141","18.5","42","5.5","596","78.2","64.6%"
"02M489","High School of Economics and Finance","2017-18","738","0","0","0","0","0","0","0","0","0","0","219","210","144","165","302","40.9","436","59.1","160","21.7","175","23.7","331","44.9","18","2.4","54","7.3","147","19.9","48","6.5","592","80.2","75.6%"
"02M500","Unity Center for Urban Technologies","2013-14","255","0","0","0","0","0","0","0","0","0","0","91","89","34","41","93","36.5","162","63.5","24","9.4","73","28.6","141","55.3","4","1.6","13","5.1","67","26.3","20","7.8","232","91.0","No Data"
"02M500","Unity Center for Urban Technologies","2014-15","284","0","0","0","0","0","0","0","0","0","0","91","80","71","42","100","35.2","184","64.8","17","6.0","78","27.5","167","58.8","8","2.8","14","4.9","68","23.9","19","6.7","254","89.4","76.1%"
"02M500","Unity Center for Urban Technologies","2015-16","301","0","0","0","0","0","0","0","0","0","0","89","87","55","70","99","32.9","202","67.1","16","5.3","80","26.6","188","62.5","6","2.0","11","3.7","76","25.2","23","7.6","265","88.0","77.7%"
"02M500","Unity Center for Urban Technologies","2016-17","261","0","0","0","0","0","0","0","0","0","0","68","77","59","57","83","31.8","178","68.2","10","3.8","77","29.5","158","60.5","8","3.1","8","3.1","73","28.0","23","8.8","238","91.2","73.6%"
"02M500","Unity Center for Urban Technologies","2017-18","255","0","0","0","0","0","0","0","0","0","0","73","60","61","61","75","29.4","180","70.6","10","3.9","75","29.4","151","59.2","11","4.3","8","3.1","63","24.7","20","7.8","227","89.0","83.0%"
"02M507","Urban Assembly Gateway School for Technology","2013-14","367","0","0","0","0","0","0","0","0","0","0","131","130","106","0","74","20.2","293","79.8","25","6.8","126","34.3","191","52.0","8","2.2","17","4.6","68","18.5","13","3.5","259","70.6","No Data"
"02M507","Urban Assembly Gateway School for Technology","2014-15","472","0","0","0","0","0","0","0","0","0","0","122","128","117","105","101","21.4","371","78.6","37","7.8","144","30.5","253","53.6","11","2.3","27","5.7","90","19.1","10","2.1","329","69.7","63.6%"
"02M507","Urban Assembly Gateway School for Technology","2015-16","472","0","0","0","0","0","0","0","0","0","0","131","113","113","115","99","21.0","373","79.0","51","10.8","137","29.0","243","51.5","15","3.2","26","5.5","86","18.2","14","3.0","338","71.6","62.5%"
"02M507","Urban Assembly Gateway School for Technology","2016-17","468","0","0","0","0","0","0","0","0","0","0","118","126","109","115","107","22.9","361","77.1","47","10.0","139","29.7","245","52.4","18","3.8","19","4.1","92","19.7","16","3.4","262","56.0","62.2%"
"02M507","Urban Assembly Gateway School for Technology","2017-18","445","0","0","0","0","0","0","0","0","0","0","114","116","112","103","91","20.4","353","79.3","37","8.3","130","29.2","235","52.8","20","4.5","23","5.2","98","22.0","10","2.2","253","56.9","65.5%"
"02M519","Talent Unlimited High School","2013-14","530","0","0","0","0","0","0","0","0","0","0","122","137","96","175","435","82.1","95","17.9","26","4.9","184","34.7","205","38.7","14","2.6","101","19.1","33","6.2","0","0.0","315","59.4","No Data"
"02M519","Talent Unlimited High School","2014-15","506","0","0","0","0","0","0","0","0","0","0","143","142","135","86","417","82.4","89","17.6","25","4.9","170","33.6","202","39.9","9","1.8","100","19.8","44","8.7","1","0.2","276","54.5","45.5%"
"02M519","Talent Unlimited High School","2015-16","509","0","0","0","0","0","0","0","0","0","0","114","131","133","131","419","82.3","90","17.7","18","3.5","175","34.4","201","39.5","20","3.9","95","18.7","56","11.0","1","0.2","276","54.2","44.6%"
"02M519","Talent Unlimited High School","2016-17","495","0","0","0","0","0","0","0","0","0","0","139","106","121","129","401","81.0","94","19.0","20","4.0","163","32.9","202","40.8","32","6.5","78","15.8","74","14.9","2","0.4","246","49.7","44.8%"
"02M519","Talent Unlimited High School","2017-18","478","0","0","0","0","0","0","0","0","0","0","129","135","100","114","381","79.7","97","20.3","17","3.6","147","30.8","205","42.9","41","8.6","68","14.2","73","15.3","3","0.6","264","55.2","52.5%"
"02M520","Murry Bergtraum High School for Business Careers","2013-14","1466","0","0","0","0","0","0","0","0","0","0","484","370","249","363","743","50.7","723","49.3","144","9.8","651","44.4","620","42.3","16","1.1","35","2.4","238","16.2","169","11.5","1067","72.8","No Data"
"02M520","Murry Bergtraum High School for Business Careers","2014-15","971","0","0","0","0","0","0","0","0","0","0","337","219","165","250","472","48.6","499","51.4","86","8.9","448","46.1","398","41.0","11","1.1","28","2.9","197","20.3","104","10.7","708","72.9","71.0%"
"02M520","Murry Bergtraum High School for Business Careers","2015-16","598","0","0","0","0","0","0","0","0","0","0","176","155","127","140","291","48.7","307","51.3","65","10.9","284","47.5","229","38.3","7","1.2","13","2.2","140","23.4","65","10.9","433","72.4","72.0%"
"02M520","Murry Bergtraum High School for Business Careers","2016-17","407","0","0","0","0","0","0","0","0","0","0","119","105","86","97","203","49.9","204","50.1","36","8.8","199","48.9","157","38.6","8","2.0","7","1.7","97","23.8","35","8.6","314","77.1","70.5%"
"02M520","Murry Bergtraum High School for Business Careers","2017-18","271","0","0","0","0","0","0","0","0","0","0","65","76","65","65","138","50.9","133","49.1","14","5.2","135","49.8","110","40.6","4","1.5","8","3.0","67","24.7","23","8.5","209","77.1","80.3%"
"02M527","P.S. 527 - East Side School for Social Action","2013-14","92","0","43","49","0","0","0","0","0","0","0","0","0","0","0","38","41.3","54","58.7","18","19.6","2","2.2","11","12.0","6","6.5","55","59.8","24","26.1","1","1.1","17","18.5","No Data"
"02M527","P.S. 527 - East Side School for Social Action","2014-15","157","0","62","46","49","0","0","0","0","0","0","0","0","0","0","63","40.1","94","59.9","27","17.2","2","1.3","21","13.4","5","3.2","102","65.0","31","19.7","1","0.6","26","16.6","11.3%"
"02M527","P.S. 527 - East Side School for Social Action","2015-16","231","0","79","53","50","49","0","0","0","0","0","0","0","0","0","102","44.2","129","55.8","35","15.2","4","1.7","45","19.5","11","4.8","136","58.9","38","16.5","2","0.9","25","10.8","10.1%"
"02M527","P.S. 527 - East Side School for Social Action","2016-17","294","0","68","74","50","52","50","0","0","0","0","0","0","0","0","144","49.0","150","51.0","34","11.6","13","4.4","50","17.0","10","3.4","187","63.6","42","14.3","7","2.4","50","17.0","12.8%"
"02M527","P.S. 527 - East Side School for Social Action","2017-18","387","0","90","70","69","56","49","53","0","0","0","0","0","0","0","194","50.1","193","49.9","43","11.1","15","3.9","68","17.6","45","11.6","216","55.8","55","14.2","18","4.7","62","16.0","16.9%"
"02M529","Jacqueline Kennedy Onassis High School","2013-14","709","0","0","0","0","0","0","0","0","0","0","233","155","167","154","391","55.1","318","44.9","29","4.1","161","22.7","495","69.8","5","0.7","19","2.7","131","18.5","68","9.6","568","80.1","No Data"
"02M529","Jacqueline Kennedy Onassis High School","2014-15","676","0","0","0","0","0","0","0","0","0","0","202","176","134","164","370","54.7","306","45.3","27","4.0","143","21.2","475","70.3","7","1.0","24","3.6","126","18.6","40","5.9","529","78.3","77.3%"
"02M529","Jacqueline Kennedy Onassis High School","2015-16","650","0","0","0","0","0","0","0","0","0","0","208","156","158","128","381","58.6","269","41.4","37","5.7","142","21.8","435","66.9","9","1.4","27","4.2","111","17.1","47","7.2","492","75.7","73.3%"
"02M529","Jacqueline Kennedy Onassis High School","2016-17","641","0","0","0","0","0","0","0","0","0","0","173","180","131","157","356","55.5","285","44.5","42","6.6","147","22.9","423","66.0","8","1.2","21","3.3","114","17.8","56","8.7","473","73.8","72.5%"
"02M529","Jacqueline Kennedy Onassis High School","2017-18","567","0","0","0","0","0","0","0","0","0","0","92","166","166","143","316","55.7","251","44.3","35","6.2","130","22.9","371","65.4","11","1.9","20","3.5","104","18.3","58","10.2","451","79.5","82.4%"
"02M531","Repertory Company High School for Theatre Arts","2013-14","236","0","0","0","0","0","0","0","0","0","0","66","66","54","50","192","81.4","44","18.6","3","1.3","101","42.8","105","44.5","7","3.0","20","8.5","21","8.9","4","1.7","182","77.1","No Data"
"02M531","Repertory Company High School for Theatre Arts","2014-15","246","0","0","0","0","0","0","0","0","0","0","69","64","59","54","208","84.6","38","15.4","4","1.6","93","37.8","123","50.0","5","2.0","21","8.5","31","12.6","9","3.7","196","79.7","62.1%"
"02M531","Repertory Company High School for Theatre Arts","2015-16","247","0","0","0","0","0","0","0","0","0","0","66","73","59","49","207","83.8","40","16.2","6","2.4","92","37.2","122","49.4","8","3.2","19","7.7","37","15.0","4","1.6","186","75.3","60.3%"
"02M531","Repertory Company High School for Theatre Arts","2016-17","246","0","0","0","0","0","0","0","0","0","0","63","64","66","53","205","83.3","41","16.7","5","2.0","84","34.1","129","52.4","8","3.3","20","8.1","40","16.3","3","1.2","169","68.7","57.4%"
"02M531","Repertory Company High School for Theatre Arts","2017-18","242","0","0","0","0","0","0","0","0","0","0","60","56","61","65","199","82.2","43","17.8","4","1.7","82","33.9","115","47.5","15","6.2","26","10.7","42","17.4","1","0.4","168","69.4","61.3%"
"02M533","Union Square Academy for Health Sciences","2013-14","223","0","0","0","0","0","0","0","0","0","0","121","102","0","0","155","69.5","68","30.5","36","16.1","55","24.7","118","52.9","9","4.0","5","2.2","36","16.1","29","13.0","191","85.7","No Data"
"02M533","Union Square Academy for Health Sciences","2014-15","319","0","0","0","0","0","0","0","0","0","0","121","106","92","0","232","72.7","87","27.3","51","16.0","65","20.4","181","56.7","7","2.2","15","4.7","46","14.4","33","10.3","250","78.4","71.5%"
"02M533","Union Square Academy for Health Sciences","2015-16","415","0","0","0","0","0","0","0","0","0","0","123","124","76","92","299","72.0","116","28.0","62","14.9","99","23.9","227","54.7","8","1.9","19","4.6","59","14.2","32","7.7","335","80.7","72.9%"
"02M533","Union Square Academy for Health Sciences","2016-17","406","0","0","0","0","0","0","0","0","0","0","128","113","83","82","296","72.9","110","27.1","53","13.1","93","22.9","227","55.9","10","2.5","23","5.7","59","14.5","27","6.7","316","77.8","72.3%"
"02M533","Union Square Academy for Health Sciences","2017-18","398","0","0","0","0","0","0","0","0","0","0","126","109","85","78","275","69.1","122","30.7","50","12.6","82","20.6","231","58.0","11","2.8","24","6.0","66","16.6","29","7.3","333","83.7","82.4%"
"02M534","Harvest Collegiate High School","2013-14","232","0","0","0","0","0","0","0","0","0","0","108","124","0","0","131","56.5","101","43.5","14","6.0","47","20.3","127","54.7","10","4.3","34","14.7","53","22.8","6","2.6","144","62.1","No Data"
"02M534","Harvest Collegiate High School","2014-15","333","0","0","0","0","0","0","0","0","0","0","112","101","120","0","190","57.1","143","42.9","23","6.9","73","21.9","176","52.9","6","1.8","55","16.5","81","24.3","7","2.1","210","63.1","50.8%"
"02M534","Harvest Collegiate High School","2015-16","456","0","0","0","0","0","0","0","0","0","0","120","113","111","112","259","56.8","197","43.2","33","7.2","106","23.2","226","49.6","10","2.2","81","17.8","113","24.8","8","1.8","269","59.0","50.1%"
"02M534","Harvest Collegiate High School","2016-17","458","0","0","0","0","0","0","0","0","0","0","117","119","121","101","256","55.9","202","44.1","32","7.0","118","25.8","204","44.5","16","3.5","88","19.2","133","29.0","8","1.7","247","53.9","48.3%"
"02M534","Harvest Collegiate High School","2017-18","487","0","0","0","0","0","0","0","0","0","0","127","123","120","117","270","55.4","217","44.6","31","6.4","119","24.4","224","46.0","18","3.7","95","19.5","134","27.5","9","1.8","315","64.7","60.8%"
"02M542","Manhattan Bridges High School","2013-14","552","0","0","0","0","0","0","0","0","0","0","158","148","138","108","275","49.8","277","50.2","0","0.0","1","0.2","551","99.8","0","0.0","0","0.0","14","2.5","350","63.4","426","77.2","No Data"
"02M542","Manhattan Bridges High School","2014-15","529","0","0","0","0","0","0","0","0","0","0","145","195","97","92","268","50.7","261","49.3","0","0.0","0","0.0","529","100.0","0","0.0","0","0.0","12","2.3","281","53.1","396","74.9","88.8%"
"02M542","Manhattan Bridges High School","2015-16","510","0","0","0","0","0","0","0","0","0","0","125","179","110","96","262","51.4","248","48.6","0","0.0","1","0.2","507","99.4","1","0.2","1","0.2","19","3.7","232","45.5","365","71.6","85.5%"
"02M542","Manhattan Bridges High School","2016-17","525","0","0","0","0","0","0","0","0","0","0","154","148","128","95","279","53.1","246","46.9","1","0.2","1","0.2","520","99.0","3","0.6","0","0.0","26","5.0","245","46.7","360","68.6","83.3%"
"02M542","Manhattan Bridges High School","2017-18","517","0","0","0","0","0","0","0","0","0","0","154","166","96","101","266","51.5","251","48.5","1","0.2","2","0.4","511","98.8","2","0.4","1","0.2","22","4.3","250","48.4","427","82.6","92.1%"
"02M543","New Design High School","2013-14","439","0","0","0","0","0","0","0","0","0","0","118","118","107","96","288","65.6","151","34.4","24","5.5","131","29.8","265","60.4","12","2.7","7","1.6","108","24.6","18","4.1","334","76.1","No Data"
"02M543","New Design High School","2014-15","441","0","0","0","0","0","0","0","0","0","0","132","108","111","90","291","66.0","150","34.0","26","5.9","138","31.3","251","56.9","10","2.3","16","3.6","117","26.5","24","5.4","300","68.0","73.6%"
"02M543","New Design High School","2015-16","431","0","0","0","0","0","0","0","0","0","0","135","119","87","90","261","60.6","170","39.4","29","6.7","138","32.0","239","55.5","13","3.0","12","2.8","104","24.1","26","6.0","294","68.2","75.2%"
"02M543","New Design High School","2016-17","407","0","0","0","0","0","0","0","0","0","0","140","107","87","73","230","56.5","177","43.5","24","5.9","142","34.9","224","55.0","10","2.5","7","1.7","111","27.3","25","6.1","287","70.5","77.6%"
"02M543","New Design High School","2017-18","427","0","0","0","0","0","0","0","0","0","0","135","125","81","86","255","59.7","172","40.3","28","6.6","157","36.8","226","52.9","10","2.3","6","1.4","116","27.2","22","5.2","342","80.1","85.7%"
"02M544","Independence High School","2013-14","328","0","0","0","0","0","0","0","0","0","0","0","86","91","151","157","47.9","171","52.1","11","3.4","129","39.3","175","53.4","5","1.5","8","2.4","37","11.3","18","5.5","271","82.6","No Data"
"02M544","Independence High School","2014-15","317","0","0","0","0","0","0","0","0","0","0","0","114","76","127","145","45.7","172","54.3","14","4.4","126","39.7","165","52.1","6","1.9","6","1.9","39","12.3","14","4.4","277","87.4","68.2%"
"02M544","Independence High School","2015-16","314","0","0","0","0","0","0","0","0","0","0","0","101","91","122","152","48.4","162","51.6","15","4.8","114","36.3","172","54.8","5","1.6","8","2.5","48","15.3","14","4.5","263","83.8","68.6%"
"02M544","Independence High School","2016-17","338","0","0","0","0","0","0","0","0","0","0","15","74","118","131","174","51.5","164","48.5","9","2.7","122","36.1","176","52.1","8","2.4","23","6.8","44","13.0","22","6.5","281","83.1","70.4%"
"02M544","Independence High School","2017-18","334","0","0","0","0","0","0","0","0","0","0","40","93","97","104","164","49.1","170","50.9","7","2.1","103","30.8","190","56.9","5","1.5","29","8.7","70","21.0","27","8.1","307","91.9","88.6%"
"02M545","High School for Dual Language and Asian Studies","2013-14","410","0","0","0","0","0","0","0","0","0","0","107","122","96","85","206","50.2","204","49.8","372","90.7","11","2.7","21","5.1","3","0.7","3","0.7","10","2.4","147","35.9","370","90.2","No Data"
"02M545","High School for Dual Language and Asian Studies","2014-15","416","0","0","0","0","0","0","0","0","0","0","99","104","115","98","221","53.1","195","46.9","370","88.9","13","3.1","23","5.5","3","0.7","7","1.7","8","1.9","98","23.6","369","88.7","76.6%"
"02M545","High School for Dual Language and Asian Studies","2015-16","420","0","0","0","0","0","0","0","0","0","0","101","104","101","114","242","57.6","178","42.4","359","85.5","17","4.0","28","6.7","6","1.4","10","2.4","9","2.1","41","9.8","373","88.8","72.2%"
"02M545","High School for Dual Language and Asian Studies","2016-17","397","0","0","0","0","0","0","0","0","0","0","109","90","101","97","239","60.2","158","39.8","335","84.4","17","4.3","25","6.3","6","1.5","14","3.5","11","2.8","47","11.8","339","85.4","67.8%"
"02M545","High School for Dual Language and Asian Studies","2017-18","396","0","0","0","0","0","0","0","0","0","0","107","103","87","99","243","61.4","153","38.6","341","86.1","14","3.5","18","4.5","12","3.0","11","2.8","12","3.0","48","12.1","344","86.9","79.6%"
"02M546","Academy for Software Engineering","2013-14","241","0","0","0","0","0","0","0","0","0","0","120","121","0","0","53","22.0","188","78.0","31","12.9","76","31.5","96","39.8","16","6.6","22","9.1","55","22.8","7","2.9","171","71.0","No Data"
"02M546","Academy for Software Engineering","2014-15","344","0","0","0","0","0","0","0","0","0","0","118","117","109","0","72","20.9","272","79.1","37","10.8","100","29.1","158","45.9","18","5.2","31","9.0","82","23.8","8","2.3","254","73.8","61.2%"
"02M546","Academy for Software Engineering","2015-16","451","0","0","0","0","0","0","0","0","0","0","117","122","98","114","96","21.3","355","78.7","43","9.5","118","26.2","227","50.3","20","4.4","43","9.5","104","23.1","10","2.2","325","72.1","59.7%"
"02M546","Academy for Software Engineering","2016-17","458","0","0","0","0","0","0","0","0","0","0","125","114","120","99","88","19.2","370","80.8","42","9.2","116","25.3","235","51.3","18","3.9","47","10.3","110","24.0","20","4.4","335","73.1","62.0%"
"02M546","Academy for Software Engineering","2017-18","460","0","0","0","0","0","0","0","0","0","0","124","124","97","115","88","19.1","372","80.9","35","7.6","105","22.8","254","55.2","18","3.9","48","10.4","117","25.4","19","4.1","317","68.9","67.1%"
"02M550","Liberty High School Academy for Newcomers","2013-14","339","0","0","0","0","0","0","0","0","0","0","81","101","70","87","122","36.0","217","64.0","55","16.2","92","27.1","148","43.7","1","0.3","43","12.7","14","4.1","320","94.4","174","51.3","No Data"
"02M550","Liberty High School Academy for Newcomers","2014-15","407","0","0","0","0","0","0","0","0","0","0","117","141","85","64","155","38.1","252","61.9","46","11.3","115","28.3","203","49.9","4","1.0","39","9.6","13","3.2","364","89.4","183","45.0","96.6%"
"02M550","Liberty High School Academy for Newcomers","2015-16","427","0","0","0","0","0","0","0","0","0","0","109","159","82","77","159","37.2","268","62.8","39","9.1","121","28.3","213","49.9","5","1.2","49","11.5","16","3.7","361","84.5","186","43.6","95.7%"
"02M550","Liberty High School Academy for Newcomers","2016-17","430","0","0","0","0","0","0","0","0","0","0","127","135","89","79","161","37.4","269","62.6","45","10.5","103","24.0","219","50.9","2","0.5","61","14.2","15","3.5","370","86.0","178","41.4","96.0%"
"02M550","Liberty High School Academy for Newcomers","2017-18","427","0","0","0","0","0","0","0","0","0","0","133","124","77","93","174","40.7","253","59.3","46","10.8","104","24.4","227","53.2","3","0.7","47","11.0","15","3.5","347","81.3","326","76.3","99.0%"
"02M551","Urban Assembly New York Harbor School","2013-14","439","0","0","0","0","0","0","0","0","0","0","109","119","112","99","161","36.7","278","63.3","7","1.6","127","28.9","230","52.4","9","2.1","66","15.0","80","18.2","18","4.1","298","67.9","No Data"
"02M551","Urban Assembly New York Harbor School","2014-15","447","0","0","0","0","0","0","0","0","0","0","116","106","116","109","166","37.1","281","62.9","13","2.9","107","23.9","230","51.5","14","3.1","83","18.6","98","21.9","12","2.7","283","63.3","54.4%"
"02M551","Urban Assembly New York Harbor School","2015-16","422","0","0","0","0","0","0","0","0","0","0","109","108","96","109","153","36.3","269","63.7","10","2.4","88","20.9","205","48.6","20","4.7","99","23.5","105","24.9","5","1.2","261","61.8","54.5%"
"02M551","Urban Assembly New York Harbor School","2016-17","460","0","0","0","0","0","0","0","0","0","0","153","108","110","89","176","38.3","284","61.7","22","4.8","90","19.6","203","44.1","25","5.4","120","26.1","100","21.7","10","2.2","265","57.6","50.8%"
"02M551","Urban Assembly New York Harbor School","2017-18","534","0","0","0","0","0","0","0","0","0","0","190","157","87","100","186","34.8","348","65.2","38","7.1","95","17.8","212","39.7","33","6.2","156","29.2","116","21.7","14","2.6","286","53.6","52.9%"
"02M560","High School M560 - City As School","2013-14","606","0","0","0","0","0","0","0","0","0","0","1","59","276","270","342","56.4","264","43.6","26","4.3","209","34.5","265","43.7","12","2.0","94","15.5","77","12.7","18","3.0","383","63.2","No Data"
"02M560","High School M560 - City As School","2014-15","658","0","0","0","0","0","0","0","0","0","0","0","69","351","238","357","54.3","301","45.7","42","6.4","209","31.8","276","41.9","16","2.4","115","17.5","101","15.3","15","2.3","407","61.9","55.2%"
"02M560","High School M560 - City As School","2015-16","612","0","0","0","0","0","0","0","0","0","0","0","14","195","403","334","54.6","278","45.4","32","5.2","205","33.5","262","42.8","15","2.5","98","16.0","116","19.0","20","3.3","356","58.2","56.4%"
"02M560","High School M560 - City As School","2016-17","616","0","0","0","0","0","0","0","0","0","0","1","44","285","286","354","57.5","262","42.5","23","3.7","235","38.1","267","43.3","10","1.6","81","13.1","124","20.1","21","3.4","287","46.6","55.2%"
"02M560","High School M560 - City As School","2017-18","627","0","0","0","0","0","0","0","0","0","0","0","85","253","289","343","54.7","284","45.3","29","4.6","234","37.3","264","42.1","15","2.4","85","13.6","125","19.9","19","3.0","394","62.8","69.0%"
"02M565","Urban Academy Laboratory High School","2013-14","159","0","0","0","0","0","0","0","0","0","0","10","50","88","11","94","59.1","65","40.9","11","6.9","45","28.3","57","35.8","5","3.1","41","25.8","8","5.0","3","1.9","79","49.7","No Data"
"02M565","Urban Academy Laboratory High School","2014-15","162","0","0","0","0","0","0","0","0","0","0","19","48","79","16","95","58.6","67","41.4","13","8.0","51","31.5","54","33.3","3","1.9","41","25.3","9","5.6","1","0.6","75","46.3","41.6%"
"02M565","Urban Academy Laboratory High School","2015-16","159","0","0","0","0","0","0","0","0","0","0","19","47","82","11","103","64.8","56","35.2","12","7.5","45","28.3","53","33.3","2","1.3","47","29.6","8","5.0","0","0.0","88","55.3","45.2%"
"02M565","Urban Academy Laboratory High School","2016-17","166","0","0","0","0","0","0","0","0","0","0","7","53","95","11","105","63.3","61","36.7","11","6.6","45","27.1","60","36.1","2","1.2","48","28.9","18","10.8","0","0.0","91","54.8","46.1%"
"02M565","Urban Academy Laboratory High School","2017-18","160","0","0","0","0","0","0","0","0","0","0","11","29","106","14","100","62.5","60","37.5","7","4.4","49","30.6","60","37.5","2","1.3","42","26.2","22","13.8","0","0.0","92","57.5","54.3%"
"02M570","Satellite Academy High School","2013-14","255","0","0","0","0","0","0","0","0","0","0","85","75","93","2","140","54.9","115","45.1","6","2.4","89","34.9","153","60.0","2","0.8","5","2.0","35","13.7","9","3.5","225","88.2","No Data"
"02M570","Satellite Academy High School","2014-15","266","0","0","0","0","0","0","0","0","0","0","179","25","61","1","148","55.6","118","44.4","5","1.9","83","31.2","170","63.9","1","0.4","7","2.6","43","16.2","12","4.5","235","88.3","73.7%"
"02M570","Satellite Academy High School","2015-16","266","0","0","0","0","0","0","0","0","0","0","252","2","12","0","142","53.4","124","46.6","2","0.8","88","33.1","171","64.3","2","0.8","3","1.1","57","21.4","14","5.3","232","87.2","72.5%"
"02M570","Satellite Academy High School","2016-17","280","0","0","0","0","0","0","0","0","0","0","274","1","2","3","163","58.2","117","41.8","2","0.7","101","36.1","167","59.6","2","0.7","8","2.9","53","18.9","15","5.4","217","77.5","70.4%"
"02M570","Satellite Academy High School","2017-18","298","0","0","0","0","0","0","0","0","0","0","295","1","1","1","176","59.1","122","40.9","1","0.3","114","38.3","172","57.7","3","1.0","8","2.7","64","21.5","13","4.4","222","74.5","81.6%"
"02M575","Manhattan Comprehensive Night and Day High School","2013-14","768","0","0","0","0","0","0","0","0","0","0","0","254","330","184","356","46.4","412","53.6","170","22.1","289","37.6","272","35.4","2","0.3","35","4.6","42","5.5","419","54.6","696","90.6","No Data"
"02M575","Manhattan Comprehensive Night and Day High School","2014-15","733","0","0","0","0","0","0","0","0","0","0","0","219","246","268","379","51.7","354","48.3","145","19.8","261","35.6","289","39.4","4","0.5","34","4.6","40","5.5","347","47.3","646","88.1","77.5%"
"02M575","Manhattan Comprehensive Night and Day High School","2015-16","745","0","0","0","0","0","0","0","0","0","0","1","253","258","233","346","46.4","399","53.6","175","23.5","223","29.9","294","39.5","10","1.3","43","5.8","48","6.4","363","48.7","661","88.7","78.8%"
"02M575","Manhattan Comprehensive Night and Day High School","2016-17","764","0","0","0","0","0","0","0","0","0","0","0","266","311","187","331","43.3","433","56.7","187","24.5","229","30.0","297","38.9","9","1.2","42","5.5","57","7.5","389","50.9","646","84.6","79.2%"
"02M575","Manhattan Comprehensive Night and Day High School","2017-18","722","0","0","0","0","0","0","0","0","0","0","0","276","283","163","305","42.2","417","57.8","164","22.7","216","29.9","289","40.0","10","1.4","43","6.0","54","7.5","380","52.6","670","92.8","89.3%"
"02M580","Richard R. Green High School of Teaching","2013-14","593","0","0","0","0","0","0","0","0","0","0","217","158","95","123","401","67.6","192","32.4","23","3.9","212","35.8","341","57.5","5","0.8","12","2.0","155","26.1","33","5.6","501","84.5","No Data"
"02M580","Richard R. Green High School of Teaching","2014-15","566","0","0","0","0","0","0","0","0","0","0","220","166","84","96","375","66.3","191","33.7","34","6.0","180","31.8","332","58.7","9","1.6","11","1.9","137","24.2","29","5.1","483","85.3","76.0%"
"02M580","Richard R. Green High School of Teaching","2015-16","532","0","0","0","0","0","0","0","0","0","0","199","166","89","78","368","69.2","164","30.8","38","7.1","166","31.2","307","57.7","9","1.7","12","2.3","119","22.4","25","4.7","437","82.1","76.9%"
"02M580","Richard R. Green High School of Teaching","2016-17","534","0","0","0","0","0","0","0","0","0","0","210","133","97","94","361","67.6","173","32.4","37","6.9","145","27.2","317","59.4","19","3.6","16","3.0","94","17.6","21","3.9","451","84.5","73.3%"
"02M580","Richard R. Green High School of Teaching","2017-18","499","0","0","0","0","0","0","0","0","0","0","168","155","84","92","332","66.5","166","33.3","36","7.2","125","25.1","301","60.3","24","4.8","13","2.6","91","18.2","22","4.4","418","83.8","78.6%"
"02M586","Harvey Milk High School","2013-14","75","0","0","0","0","0","0","0","0","0","0","1","17","28","29","42","56.0","33","44.0","2","2.7","28","37.3","39","52.0","0","0.0","6","8.0","11","14.7","1","1.3","64","85.3","No Data"
"02M586","Harvey Milk High School","2014-15","64","0","0","0","0","0","0","0","0","0","0","3","10","17","34","35","54.7","29","45.3","0","0.0","28","43.8","32","50.0","1","1.6","3","4.7","15","23.4","0","0.0","53","82.8","72.5%"
"02M586","Harvey Milk High School","2015-16","61","0","0","0","0","0","0","0","0","0","0","8","10","15","28","31","50.8","30","49.2","2","3.3","22","36.1","32","52.5","0","0.0","5","8.2","26","42.6","3","4.9","50","82.0","75.2%"
"02M586","Harvey Milk High School","2016-17","74","0","0","0","0","0","0","0","0","0","0","8","17","21","28","44","59.5","30","40.5","2","2.7","22","29.7","43","58.1","1","1.4","6","8.1","30","40.5","3","4.1","60","81.1","72.6%"
"02M586","Harvey Milk High School","2017-18","64","0","0","0","0","0","0","0","0","0","0","2","18","19","25","36","56.3","28","43.8","1","1.6","12","18.8","45","70.3","0","0.0","6","9.4","24","37.5","4","6.3","58","90.6","86.1%"
"02M600","The High School of Fashion Industries","2013-14","1732","0","0","0","0","0","0","0","0","0","0","495","560","346","331","1618","93.4","114","6.6","75","4.3","651","37.6","920","53.1","20","1.2","66","3.8","208","12.0","43","2.5","1433","82.7","No Data"
"02M600","The High School of Fashion Industries","2014-15","1770","0","0","0","0","0","0","0","0","0","0","498","483","440","349","1647","93.1","123","6.9","87","4.9","642","36.3","954","53.9","20","1.1","67","3.8","246","13.9","39","2.2","1458","82.4","64.9%"
"02M600","The High School of Fashion Industries","2015-16","1798","0","0","0","0","0","0","0","0","0","0","496","468","392","442","1679","93.4","119","6.6","91","5.1","673","37.4","946","52.6","24","1.3","64","3.6","285","15.9","46","2.6","1484","82.5","67.0%"
"02M600","The High School of Fashion Industries","2016-17","1671","0","0","0","0","0","0","0","0","0","0","488","428","381","374","1569","93.9","102","6.1","104","6.2","610","36.5","860","51.5","26","1.6","71","4.2","266","15.9","50","3.0","1391","83.2","66.8%"
"02M600","The High School of Fashion Industries","2017-18","1590","0","0","0","0","0","0","0","0","0","0","481","416","325","368","1463","92.0","126","7.9","95","6.0","528","33.2","880","55.3","17","1.1","70","4.4","264","16.6","51","3.2","1319","83.0","75.4%"
"02M605","Humanities Preparatory Academy","2013-14","210","0","0","0","0","0","0","0","0","0","0","37","44","66","63","117","55.7","93","44.3","8","3.8","59","28.1","120","57.1","8","3.8","15","7.1","22","10.5","6","2.9","153","72.9","No Data"
"02M605","Humanities Preparatory Academy","2014-15","209","0","0","0","0","0","0","0","0","0","0","52","44","45","68","111","53.1","98","46.9","8","3.8","60","28.7","114","54.5","8","3.8","19","9.1","27","12.9","7","3.3","155","74.2","70.7%"
"02M605","Humanities Preparatory Academy","2015-16","209","0","0","0","0","0","0","0","0","0","0","55","70","41","43","114","54.5","95","45.5","12","5.7","50","23.9","118","56.5","11","5.3","18","8.6","33","15.8","9","4.3","155","74.2","69.4%"
"02M605","Humanities Preparatory Academy","2016-17","225","0","0","0","0","0","0","0","0","0","0","56","67","54","48","113","50.2","112","49.8","14","6.2","62","27.6","121","53.8","9","4.0","19","8.4","45","20.0","9","4.0","172","76.4","67.1%"
"02M605","Humanities Preparatory Academy","2017-18","235","0","0","0","0","0","0","0","0","0","0","56","61","58","60","129","54.9","106","45.1","17","7.2","52","22.1","144","61.3","5","2.1","17","7.2","43","18.3","8","3.4","191","81.3","74.9%"
"02M615","Chelsea Career and Technical Education High School","2013-14","443","0","0","0","0","0","0","0","0","0","0","135","125","111","72","190","42.9","253","57.1","32","7.2","146","33.0","249","56.2","7","1.6","9","2.0","85","19.2","19","4.3","362","81.7","No Data"
"02M615","Chelsea Career and Technical Education High School","2014-15","439","0","0","0","0","0","0","0","0","0","0","131","113","102","93","174","39.6","265","60.4","36","8.2","126","28.7","251","57.2","11","2.5","15","3.4","84","19.1","12","2.7","386","87.9","71.9%"
"02M615","Chelsea Career and Technical Education High School","2015-16","435","0","0","0","0","0","0","0","0","0","0","149","105","92","89","164","37.7","271","62.3","45","10.3","116","26.7","247","56.8","11","2.5","16","3.7","82","18.9","7","1.6","377","86.7","71.0%"
"02M615","Chelsea Career and Technical Education High School","2016-17","437","0","0","0","0","0","0","0","0","0","0","158","105","95","79","146","33.4","291","66.6","49","11.2","94","21.5","261","59.7","11","2.5","22","5.0","84","19.2","15","3.4","386","88.3","69.4%"
"02M615","Chelsea Career and Technical Education High School","2017-18","430","0","0","0","0","0","0","0","0","0","0","149","115","83","83","129","30.0","300","69.8","46","10.7","95","22.1","260","60.5","12","2.8","17","4.0","84","19.5","17","4.0","378","87.9","78.6%"
"02M630","Art and Design High School","2013-14","1438","0","0","0","0","0","0","0","0","0","0","469","450","255","264","826","57.4","612","42.6","134","9.3","355","24.7","759","52.8","19","1.3","171","11.9","217","15.1","19","1.3","991","68.9","No Data"
"02M630","Art and Design High School","2014-15","1476","0","0","0","0","0","0","0","0","0","0","490","418","348","220","867","58.7","609","41.3","125","8.5","355","24.1","811","54.9","27","1.8","158","10.7","246","16.7","18","1.2","1021","69.2","55.0%"
"02M630","Art and Design High School","2015-16","1442","0","0","0","0","0","0","0","0","0","0","452","431","309","250","847","58.7","595","41.3","115","8.0","310","21.5","804","55.8","39","2.7","174","12.1","253","17.5","15","1.0","947","65.7","53.9%"
"02M630","Art and Design High School","2016-17","1447","0","0","0","0","0","0","0","0","0","0","490","355","346","256","876","60.5","571","39.5","107","7.4","287","19.8","778","53.8","66","4.6","209","14.4","294","20.3","16","1.1","955","66.0","50.6%"
"02M630","Art and Design High School","2017-18","1447","0","0","0","0","0","0","0","0","0","0","376","417","402","252","919","63.5","528","36.5","100","6.9","242","16.7","817","56.5","72","5.0","216","14.9","304","21.0","10","0.7","907","62.7","56.8%"
"02M655","Life Sciences Secondary School","2013-14","771","0","0","0","0","0","0","0","41","35","37","170","153","161","174","393","51.0","378","49.0","27","3.5","212","27.5","495","64.2","14","1.8","23","3.0","142","18.4","66","8.6","593","76.9","No Data"
"02M655","Life Sciences Secondary School","2014-15","697","0","0","0","0","0","0","0","28","35","33","164","142","142","153","350","50.2","347","49.8","26","3.7","203","29.1","434","62.3","12","1.7","22","3.2","138","19.8","48","6.9","523","75.0","75.5%"
"02M655","Life Sciences Secondary School","2015-16","616","0","0","0","0","0","0","0","19","24","36","168","156","103","110","297","48.2","319","51.8","30","4.9","191","31.0","369","59.9","15","2.4","11","1.8","138","22.4","41","6.7","456","74.0","74.4%"
"02M655","Life Sciences Secondary School","2016-17","632","0","0","0","0","0","0","0","28","17","21","203","172","84","107","310","49.1","322","50.9","30","4.7","192","30.4","370","58.5","20","3.2","20","3.2","136","21.5","54","8.5","461","72.9","74.4%"
"02M655","Life Sciences Secondary School","2017-18","574","0","0","0","0","0","0","0","11","22","21","168","160","88","104","294","51.2","280","48.8","38","6.6","167","29.1","337","58.7","13","2.3","19","3.3","122","21.3","52","9.1","468","81.5","84.3%"
"02M896","Lower Manhattan Community Middle School","2013-14","350","0","0","0","0","0","0","0","124","108","118","0","0","0","0","159","45.4","191","54.6","135","38.6","60","17.1","91","26.0","9","2.6","55","15.7","102","29.1","37","10.6","241","68.9","No Data"
"02M896","Lower Manhattan Community Middle School","2014-15","366","0","0","0","0","0","0","0","127","132","107","0","0","0","0","174","47.5","192","52.5","147","40.2","50","13.7","76","20.8","13","3.6","80","21.9","103","28.1","31","8.5","219","59.8","54.4%"
"02M896","Lower Manhattan Community Middle School","2015-16","388","0","0","0","0","0","0","0","131","129","128","0","0","0","0","198","51.0","190","49.0","156","40.2","36","9.3","77","19.8","13","3.4","106","27.3","108","27.8","30","7.7","216","55.7","50.3%"
"02M896","Lower Manhattan Community Middle School","2016-17","386","0","0","0","0","0","0","0","126","133","127","0","0","0","0","200","51.8","186","48.2","170","44.0","37","9.6","64","16.6","9","2.3","106","27.5","98","25.4","31","8.0","222","57.5","49.5%"
"02M896","Lower Manhattan Community Middle School","2017-18","385","0","0","0","0","0","0","0","132","124","129","0","0","0","0","203","52.7","182","47.3","164","42.6","42","10.9","64","16.6","9","2.3","106","27.5","106","27.5","24","6.2","221","57.4","56.8%"
"02M933","City Knoll Middle School","2014-15","79","0","0","0","0","0","0","0","79","0","0","0","0","0","0","50","63.3","29","36.7","6","7.6","17","21.5","38","48.1","3","3.8","15","19.0","29","36.7","5","6.3","57","72.2","60.1%"
"02M933","City Knoll Middle School","2015-16","157","0","0","0","0","0","0","0","75","82","0","0","0","0","0","91","58.0","66","42.0","15","9.6","31","19.7","74","47.1","6","3.8","31","19.7","45","28.7","12","7.6","107","68.2","56.2%"
"02M933","City Knoll Middle School","2016-17","247","0","0","0","0","0","0","0","85","74","88","0","0","0","0","141","57.1","106","42.9","25","10.1","49","19.8","124","50.2","8","3.2","41","16.6","83","33.6","20","8.1","185","74.9","55.2%"
"02M933","City Knoll Middle School","2017-18","236","0","0","0","0","0","0","0","74","85","77","0","0","0","0","118","50.0","118","50.0","23","9.7","60","25.4","120","50.8","10","4.2","23","9.7","71","30.1","20","8.5","175","74.2","67.9%"
"03M009","P.S. 009 Sarah Anderson","2013-14","648","36","98","113","94","115","120","72","0","0","0","0","0","0","0","334","51.5","314","48.5","52","8.0","42","6.5","137","21.1","28","4.3","389","60.0","95","14.7","30","4.6","148","22.8","No Data"
"03M009","P.S. 009 Sarah Anderson","2014-15","658","36","101","101","103","90","118","109","0","0","0","0","0","0","0","337","51.2","321","48.8","54","8.2","29","4.4","141","21.4","27","4.1","407","61.9","101","15.3","22","3.3","141","21.4","20.0%"
"03M009","P.S. 009 Sarah Anderson","2015-16","611","18","107","102","101","98","79","106","0","0","0","0","0","0","0","318","52.0","293","48.0","52","8.5","30","4.9","130","21.3","36","5.9","363","59.4","104","17.0","17","2.8","124","20.3","18.8%"
"03M009","P.S. 009 Sarah Anderson","2016-17","600","18","95","114","108","97","99","69","0","0","0","0","0","0","0","305","50.8","295","49.2","51","8.5","33","5.5","116","19.3","47","7.8","353","58.8","104","17.3","20","3.3","118","19.7","17.8%"
"03M009","P.S. 009 Sarah Anderson","2017-18","619","18","101","98","108","104","100","90","0","0","0","0","0","0","0","305","49.3","314","50.7","52","8.4","30","4.8","112","18.1","53","8.6","372","60.1","103","16.6","15","2.4","131","21.2","19.5%"
"03M054","J.H.S. 054 Booker T. Washington","2013-14","815","0","0","0","0","0","0","0","292","262","261","0","0","0","0","408","50.1","407","49.9","69","8.5","112","13.7","117","14.4","32","3.9","485","59.5","99","12.1","19","2.3","211","25.9","No Data"
"03M054","J.H.S. 054 Booker T. Washington","2014-15","813","0","0","0","0","0","0","0","277","282","254","0","0","0","0","394","48.5","419","51.5","45","5.5","78","9.6","113","13.9","52","6.4","525","64.6","99","12.2","10","1.2","170","20.9","22.0%"
"03M054","J.H.S. 054 Booker T. Washington","2015-16","850","0","0","0","0","0","0","0","308","260","282","0","0","0","0","399","46.9","451","53.1","74","8.7","69","8.1","99","11.6","61","7.2","547","64.4","109","12.8","14","1.6","154","18.1","19.2%"
"03M054","J.H.S. 054 Booker T. Washington","2016-17","850","0","0","0","0","0","0","0","310","290","250","0","0","0","0","400","47.1","450","52.9","97","11.4","65","7.6","108","12.7","53","6.2","527","62.0","99","11.6","11","1.3","111","13.1","16.5%"
"03M054","J.H.S. 054 Booker T. Washington","2017-18","852","0","0","0","0","0","0","0","275","295","282","0","0","0","0","423","49.6","429","50.4","94","11.0","73","8.6","125","14.7","68","8.0","492","57.7","98","11.5","9","1.1","203","23.8","21.6%"
"03M075","P.S. 075 Emily Dickinson","2013-14","607","0","99","99","96","101","107","105","0","0","0","0","0","0","0","278","45.8","329","54.2","23","3.8","154","25.4","322","53.0","17","2.8","91","15.0","159","26.2","89","14.7","429","70.7","No Data"
"03M075","P.S. 075 Emily Dickinson","2014-15","566","0","102","94","87","87","90","106","0","0","0","0","0","0","0","252","44.5","314","55.5","18","3.2","141","24.9","299","52.8","14","2.5","94","16.6","161","28.4","79","14.0","388","68.6","58.2%"
"03M075","P.S. 075 Emily Dickinson","2015-16","569","0","102","118","91","92","81","85","0","0","0","0","0","0","0","262","46.0","307","54.0","9","1.6","133","23.4","321","56.4","15","2.6","91","16.0","180","31.6","75","13.2","400","70.3","60.7%"
"03M075","P.S. 075 Emily Dickinson","2016-17","575","0","86","104","112","93","98","82","0","0","0","0","0","0","0","259","45.0","316","55.0","14","2.4","133","23.1","316","55.0","21","3.7","91","15.8","201","35.0","81","14.1","416","72.3","62.3%"
"03M075","P.S. 075 Emily Dickinson","2017-18","560","0","79","91","94","107","98","91","0","0","0","0","0","0","0","257","45.9","303","54.1","12","2.1","120","21.4","326","58.2","22","3.9","80","14.3","201","35.9","86","15.4","411","73.4","67.6%"
"03M076","P.S. 076 A. Philip Randolph","2013-14","498","57","51","49","50","36","45","31","52","53","74","0","0","0","0","254","51.0","244","49.0","4","0.8","383","76.9","97","19.5","2","0.4","12","2.4","97","19.5","43","8.6","458","92.0","No Data"
"03M076","P.S. 076 A. Philip Randolph","2014-15","520","56","60","54","47","51","41","50","49","59","53","0","0","0","0","265","51.0","255","49.0","2","0.4","408","78.5","95","18.3","3","0.6","12","2.3","95","18.3","48","9.2","469","90.2","83.3%"
"03M076","P.S. 076 A. Philip Randolph","2015-16","503","49","53","48","45","51","49","44","57","49","58","0","0","0","0","265","52.7","238","47.3","4","0.8","400","79.5","82","16.3","2","0.4","15","3.0","102","20.3","47","9.3","463","92.0","84.8%"
"03M076","P.S. 076 A. Philip Randolph","2016-17","508","38","55","53","48","56","48","49","55","57","49","0","0","0","0","264","52.0","244","48.0","0","0.0","394","77.6","96","18.9","3","0.6","15","3.0","108","21.3","43","8.5","477","93.9","86.5%"
"03M076","P.S. 076 A. Philip Randolph","2017-18","472","36","36","52","40","43","55","42","53","57","58","0","0","0","0","247","52.3","225","47.7","2","0.4","355","75.2","101","21.4","1","0.2","13","2.8","111","23.5","41","8.7","454","96.2","91.4%"
"03M084","P.S. 084 Lillian Weber","2013-14","517","36","89","92","78","76","66","80","0","0","0","0","0","0","0","272","52.6","245","47.4","16","3.1","93","18.0","220","42.6","19","3.7","169","32.7","97","18.8","43","8.3","279","54.0","No Data"
"03M084","P.S. 084 Lillian Weber","2014-15","521","36","98","94","87","76","71","59","0","0","0","0","0","0","0","272","52.2","249","47.8","8","1.5","77","14.8","233","44.7","20","3.8","183","35.1","93","17.9","49","9.4","277","53.2","47.6%"
"03M084","P.S. 084 Lillian Weber","2015-16","552","36","85","109","98","75","75","74","0","0","0","0","0","0","0","279","50.5","273","49.5","14","2.5","73","13.2","233","42.2","23","4.2","209","37.9","94","17.0","54","9.8","275","49.8","46.1%"
"03M084","P.S. 084 Lillian Weber","2016-17","565","36","102","91","103","89","78","66","0","0","0","0","0","0","0","301","53.3","264","46.7","20","3.5","62","11.0","230","40.7","27","4.8","226","40.0","104","18.4","48","8.5","267","47.3","43.6%"
"03M084","P.S. 084 Lillian Weber","2017-18","656","105","96","90","93","107","83","82","0","0","0","0","0","0","0","363","55.3","293","44.7","23","3.5","53","8.1","234","35.7","34","5.2","312","47.6","92","14.0","47","7.2","264","40.2","42.8%"
"03M087","P.S. 087 William Sherman","2013-14","900","18","145","149","131","139","192","126","0","0","0","0","0","0","0","444","49.3","456","50.7","64","7.1","42","4.7","129","14.3","68","7.6","597","66.3","157","17.4","33","3.7","80","8.9","No Data"
"03M087","P.S. 087 William Sherman","2014-15","875","18","137","151","139","128","136","166","0","0","0","0","0","0","0","441","50.4","434","49.6","61","7.0","42","4.8","129","14.7","71","8.1","572","65.4","156","17.8","32","3.7","80","9.1","8.8%"
"03M087","P.S. 087 William Sherman","2015-16","852","18","162","145","150","136","122","119","0","0","0","0","0","0","0","428","50.2","424","49.8","58","6.8","42","4.9","126","14.8","81","9.5","545","64.0","159","18.7","32","3.8","60","7.0","8.9%"
"03M087","P.S. 087 William Sherman","2016-17","877","19","140","163","148","155","135","117","0","0","0","0","0","0","0","434","49.5","443","50.5","59","6.7","52","5.9","128","14.6","87","9.9","551","62.8","167","19.0","29","3.3","79","9.0","10.3%"
"03M087","P.S. 087 William Sherman","2017-18","877","18","136","142","162","149","155","115","0","0","0","0","0","0","0","442","50.4","435","49.6","65","7.4","35","4.0","120","13.7","91","10.4","566","64.5","167","19.0","25","2.9","98","11.2","11.7%"
"03M145","P.S. 145, The Bloomingdale School","2013-14","407","54","65","78","49","56","60","45","0","0","0","0","0","0","0","205","50.4","202","49.6","10","2.5","109","26.8","256","62.9","6","1.5","26","6.4","87","21.4","55","13.5","281","69.0","No Data"
"03M145","P.S. 145, The Bloomingdale School","2014-15","391","54","58","63","58","45","55","58","0","0","0","0","0","0","0","202","51.7","189","48.3","5","1.3","105","26.9","251","64.2","11","2.8","19","4.9","92","23.5","48","12.3","288","73.7","77.5%"
"03M145","P.S. 145, The Bloomingdale School","2015-16","368","49","61","53","53","55","45","52","0","0","0","0","0","0","0","188","51.1","180","48.9","9","2.4","93","25.3","231","62.8","10","2.7","25","6.8","87","23.6","48","13.0","251","68.2","73.9%"
"03M145","P.S. 145, The Bloomingdale School","2016-17","370","51","62","59","57","47","47","47","0","0","0","0","0","0","0","200","54.1","170","45.9","4","1.1","110","29.7","229","61.9","10","2.7","17","4.6","86","23.2","39","10.5","286","77.3","79.8%"
"03M145","P.S. 145, The Bloomingdale School","2017-18","391","46","62","60","64","59","50","50","0","0","0","0","0","0","0","205","52.4","186","47.6","9","2.3","100","25.6","234","59.8","8","2.0","40","10.2","94","24.0","51","13.0","314","80.3","83.8%"
"03M149","P.S. 149 Sojourner Truth","2013-14","339","36","31","42","28","38","33","28","33","30","40","0","0","0","0","159","46.9","180","53.1","10","2.9","202","59.6","107","31.6","17","5.0","3","0.9","104","30.7","27","8.0","300","88.5","No Data"
"03M149","P.S. 149 Sojourner Truth","2014-15","287","32","25","24","30","29","35","25","26","30","31","0","0","0","0","137","47.7","150","52.3","8","2.8","192","66.9","68","23.7","14","4.9","5","1.7","91","31.7","26","9.1","252","87.8","85.5%"
"03M149","P.S. 149 Sojourner Truth","2015-16","285","27","24","25","29","27","33","35","24","30","31","0","0","0","0","141","49.5","144","50.5","8","2.8","183","64.2","78","27.4","11","3.9","5","1.8","86","30.2","25","8.8","262","91.9","85.7%"
"03M149","P.S. 149 Sojourner Truth","2016-17","256","22","22","23","27","28","19","34","31","24","26","0","0","0","0","124","48.4","132","51.6","5","2.0","158","61.7","74","28.9","9","3.5","10","3.9","82","32.0","26","10.2","248","96.9","85.6%"
"03M149","P.S. 149 Sojourner Truth","2017-18","235","18","17","24","23","25","22","20","28","32","26","0","0","0","0","118","50.2","117","49.8","5","2.1","146","62.1","67","28.5","5","2.1","12","5.1","55","23.4","36","15.3","233","99.1","92.8%"
"03M163","P.S. 163 Alfred E. Smith","2013-14","625","12","86","96","96","123","129","83","0","0","0","0","0","0","0","287","45.9","338","54.1","36","5.8","107","17.1","287","45.9","26","4.2","169","27.0","98","15.7","46","7.4","326","52.2","No Data"
"03M163","P.S. 163 Alfred E. Smith","2014-15","599","15","77","90","94","91","115","117","0","0","0","0","0","0","0","283","47.2","316","52.8","40","6.7","101","16.9","275","45.9","20","3.3","163","27.2","100","16.7","43","7.2","312","52.1","48.5%"
"03M163","P.S. 163 Alfred E. Smith","2015-16","587","29","83","91","91","91","92","110","0","0","0","0","0","0","0","274","46.7","313","53.3","37","6.3","94","16.0","268","45.7","28","4.8","160","27.3","93","15.8","43","7.3","300","51.1","47.7%"
"03M163","P.S. 163 Alfred E. Smith","2016-17","567","28","78","93","89","102","91","86","0","0","0","0","0","0","0","269","47.4","298","52.6","31","5.5","93","16.4","255","45.0","30","5.3","158","27.9","100","17.6","40","7.1","282","49.7","48.0%"
"03M163","P.S. 163 Alfred E. Smith","2017-18","565","32","79","83","84","94","104","89","0","0","0","0","0","0","0","275","48.7","290","51.3","33","5.8","92","16.3","240","42.5","27","4.8","173","30.6","101","17.9","33","5.8","273","48.3","50.3%"
"03M165","P.S. 165 Robert E. Simon","2013-14","858","17","94","107","106","95","93","96","87","82","81","0","0","0","0","404","47.1","454","52.9","29","3.4","131","15.3","603","70.3","13","1.5","82","9.6","155","18.1","150","17.5","686","80.0","No Data"
"03M165","P.S. 165 Robert E. Simon","2014-15","831","18","92","99","108","104","93","88","61","84","84","0","0","0","0","405","48.7","426","51.3","36","4.3","115","13.8","574","69.1","14","1.7","92","11.1","159","19.1","146","17.6","645","77.6","69.2%"
"03M165","P.S. 165 Robert E. Simon","2015-16","775","28","82","91","91","104","100","79","57","61","82","0","0","0","0","380","49.0","395","51.0","27","3.5","108","13.9","524","67.6","16","2.1","100","12.9","166","21.4","129","16.6","569","73.4","69.3%"
"03M165","P.S. 165 Robert E. Simon","2016-17","731","35","65","93","83","85","105","98","49","60","58","0","0","0","0","357","48.8","374","51.2","34","4.7","100","13.7","468","64.0","14","1.9","115","15.7","156","21.3","105","14.4","549","75.1","64.6%"
"03M165","P.S. 165 Robert E. Simon","2017-18","604","31","58","57","74","76","80","95","34","46","53","0","0","0","0","294","48.7","310","51.3","29","4.8","90","14.9","363","60.1","12","2.0","110","18.2","120","19.9","83","13.7","430","71.2","69.2%"
"03M166","P.S. 166 The Richard Rodgers School of The Arts an","2013-14","594","0","106","113","89","98","99","89","0","0","0","0","0","0","0","305","51.3","289","48.7","60","10.1","48","8.1","127","21.4","20","3.4","339","57.1","80","13.5","36","6.1","174","29.3","No Data"
"03M166","P.S. 166 The Richard Rodgers School of The Arts an","2014-15","615","0","125","102","109","86","93","100","0","0","0","0","0","0","0","316","51.4","299","48.6","69","11.2","41","6.7","110","17.9","33","5.4","362","58.9","88","14.3","33","5.4","155","25.2","19.3%"
"03M166","P.S. 166 The Richard Rodgers School of The Arts an","2015-16","614","0","131","114","100","107","78","84","0","0","0","0","0","0","0","306","49.8","308","50.2","65","10.6","38","6.2","103","16.8","48","7.8","360","58.6","87","14.2","14","2.3","131","21.3","18.1%"
"03M166","P.S. 166 The Richard Rodgers School of The Arts an","2016-17","638","0","125","128","107","102","104","72","0","0","0","0","0","0","0","309","48.4","329","51.6","78","12.2","39","6.1","104","16.3","51","8.0","366","57.4","73","11.4","31","4.9","121","19.0","17.1%"
"03M166","P.S. 166 The Richard Rodgers School of The Arts an","2017-18","648","0","125","121","126","92","90","94","0","0","0","0","0","0","0","314","48.5","334","51.5","78","12.0","34","5.2","105","16.2","61","9.4","370","57.1","70","10.8","18","2.8","130","20.1","17.8%"
"03M180","P.S. 180 Hugo Newman","2013-14","614","71","64","75","65","70","65","73","53","51","27","0","0","0","0","291","47.4","323","52.6","13","2.1","356","58.0","164","26.7","27","4.4","54","8.8","93","15.1","42","6.8","455","74.1","No Data"
"03M180","P.S. 180 Hugo Newman","2014-15","625","70","65","62","68","65","69","62","59","52","53","0","0","0","0","296","47.4","329","52.6","10","1.6","355","56.8","181","29.0","25","4.0","54","8.6","104","16.6","33","5.3","448","71.7","64.0%"
"03M180","P.S. 180 Hugo Newman","2015-16","595","69","53","57","60","63","60","64","58","56","55","0","0","0","0","285","47.9","310","52.1","7","1.2","342","57.5","176","29.6","23","3.9","47","7.9","117","19.7","28","4.7","421","70.8","66.6%"
"03M180","P.S. 180 Hugo Newman","2016-17","591","82","72","48","55","51","64","52","55","55","57","0","0","0","0","299","50.6","292","49.4","12","2.0","311","52.6","191","32.3","19","3.2","58","9.8","114","19.3","36","6.1","419","70.9","63.1%"
"03M180","P.S. 180 Hugo Newman","2017-18","545","83","41","57","54","51","52","57","41","51","58","0","0","0","0","270","49.5","275","50.5","13","2.4","281","51.6","161","29.5","31","5.7","59","10.8","88","16.1","38","7.0","390","71.6","69.3%"
"03M185","P.S. 185 - The Early Childhood Discovery and Desig","2013-14","224","54","70","55","45","0","0","0","0","0","0","0","0","0","0","132","58.9","92","41.1","8","3.6","131","58.5","73","32.6","8","3.6","4","1.8","35","15.6","16","7.1","207","92.4","No Data"
"03M185","P.S. 185 - The Early Childhood Discovery and Desig","2014-15","251","72","69","57","53","0","0","0","0","0","0","0","0","0","0","131","52.2","120","47.8","10","4.0","144","57.4","74","29.5","10","4.0","13","5.2","51","20.3","18","7.2","217","86.5","77.0%"
"03M185","P.S. 185 - The Early Childhood Discovery and Desig","2015-16","241","58","70","66","47","0","0","0","0","0","0","0","0","0","0","124","51.5","117","48.5","6","2.5","140","58.1","67","27.8","18","7.5","10","4.1","50","20.7","18","7.5","210","87.1","79.4%"
"03M185","P.S. 185 - The Early Childhood Discovery and Desig","2016-17","234","61","56","72","45","0","0","0","0","0","0","0","0","0","0","124","53.0","110","47.0","5","2.1","144","61.5","62","26.5","11","4.7","12","5.1","52","22.2","8","3.4","200","85.5","75.5%"
"03M185","P.S. 185 - The Early Childhood Discovery and Desig","2017-18","252","67","60","55","70","0","0","0","0","0","0","0","0","0","0","109","43.3","143","56.7","5","2.0","144","57.1","77","30.6","10","4.0","16","6.3","45","17.9","8","3.2","215","85.3","82.6%"
"03M191","The Riverside School for Makers and Artists","2013-14","514","54","46","47","37","43","49","37","62","66","73","0","0","0","0","253","49.2","261","50.8","36","7.0","198","38.5","229","44.6","6","1.2","45","8.8","140","27.2","39","7.6","410","79.8","No Data"
"03M191","The Riverside School for Makers and Artists","2014-15","490","69","46","46","39","37","44","48","45","53","63","0","0","0","0","255","52.0","235","48.0","36","7.3","163","33.3","228","46.5","7","1.4","56","11.4","143","29.2","40","8.2","379","77.3","67.8%"
"03M191","The Riverside School for Makers and Artists","2015-16","453","65","44","44","41","38","33","44","41","47","56","0","0","0","0","230","50.8","223","49.2","31","6.8","164","36.2","203","44.8","4","0.9","51","11.3","135","29.8","36","7.9","334","73.7","65.0%"
"03M191","The Riverside School for Makers and Artists","2016-17","425","68","34","40","45","44","32","29","46","39","48","0","0","0","0","188","44.2","237","55.8","32","7.5","143","33.6","190","44.7","6","1.4","54","12.7","127","29.9","34","8.0","333","78.4","68.8%"
"03M191","The Riverside School for Makers and Artists","2017-18","516","72","49","51","42","65","46","37","65","53","36","0","0","0","0","231","44.8","285","55.2","29","5.6","162","31.4","237","45.9","10","1.9","78","15.1","138","26.7","47","9.1","379","73.4","71.1%"
"03M199","P.S. 199 Jessie Isador Straus","2013-14","838","0","149","144","141","134","145","125","0","0","0","0","0","0","0","422","50.4","416","49.6","104","12.4","17","2.0","110","13.1","49","5.8","558","66.6","128","15.3","19","2.3","66","7.9","No Data"
"03M199","P.S. 199 Jessie Isador Straus","2014-15","889","0","176","157","146","140","134","136","0","0","0","0","0","0","0","446","50.2","443","49.8","114","12.8","13","1.5","119","13.4","57","6.4","586","65.9","150","16.9","24","2.7","67","7.5","8.7%"
"03M199","P.S. 199 Jessie Isador Straus","2015-16","903","0","152","176","158","148","136","133","0","0","0","0","0","0","0","462","51.2","441","48.8","130","14.4","22","2.4","114","12.6","65","7.2","572","63.3","151","16.7","26","2.9","64","7.1","7.8%"
"03M199","P.S. 199 Jessie Isador Straus","2016-17","884","0","135","154","161","158","143","133","0","0","0","0","0","0","0","439","49.7","445","50.3","132","14.9","36","4.1","100","11.3","66","7.5","550","62.2","167","18.9","32","3.6","54","6.1","8.3%"
"03M199","P.S. 199 Jessie Isador Straus","2017-18","848","0","110","139","150","160","151","138","0","0","0","0","0","0","0","421","49.6","427","50.4","123","14.5","33","3.9","84","9.9","66","7.8","542","63.9","156","18.4","13","1.5","86","10.1","9.4%"
"03M208","The Alain L. Locke Magnet School for Environmental","2013-14","164","0","0","0","0","57","56","51","0","0","0","0","0","0","0","82","50.0","82","50.0","2","1.2","101","61.6","55","33.5","2","1.2","4","2.4","46","28.0","18","11.0","156","95.1","No Data"
"03M208","The Alain L. Locke Magnet School for Environmental","2014-15","157","0","0","0","0","49","54","54","0","0","0","0","0","0","0","86","54.8","71","45.2","3","1.9","101","64.3","49","31.2","0","0.0","4","2.5","51","32.5","16","10.2","150","95.5","84.8%"
"03M208","The Alain L. Locke Magnet School for Environmental","2015-16","141","0","0","0","0","51","45","45","0","0","0","0","0","0","0","84","59.6","57","40.4","4","2.8","86","61.0","48","34.0","1","0.7","2","1.4","47","33.3","15","10.6","134","95.0","84.8%"
"03M208","The Alain L. Locke Magnet School for Environmental","2016-17","124","0","0","0","0","44","38","42","0","0","0","0","0","0","0","69","55.6","55","44.4","5","4.0","74","59.7","42","33.9","2","1.6","1","0.8","43","34.7","14","11.3","119","96.0","83.9%"
"03M208","The Alain L. Locke Magnet School for Environmental","2017-18","127","0","0","0","0","44","37","46","0","0","0","0","0","0","0","68","53.5","59","46.5","4","3.1","72","56.7","47","37.0","3","2.4","1","0.8","50","39.4","13","10.2","125","98.4","92.3%"
"03M241","STEM Institute of Manhattan","2013-14","99","0","21","19","16","18","8","17","0","0","0","0","0","0","0","47","47.5","52","52.5","2","2.0","57","57.6","38","38.4","0","0.0","2","2.0","32","32.3","13","13.1","91","91.9","No Data"
"03M241","STEM Institute of Manhattan","2014-15","100","0","16","27","13","20","16","8","0","0","0","0","0","0","0","50","50.0","50","50.0","2","2.0","48","48.0","46","46.0","0","0.0","4","4.0","39","39.0","14","14.0","91","91.0","81.5%"
"03M241","STEM Institute of Manhattan","2015-16","112","0","15","15","29","13","21","19","0","0","0","0","0","0","0","56","50.0","56","50.0","3","2.7","59","52.7","43","38.4","2","1.8","5","4.5","43","38.4","15","13.4","106","94.6","86.2%"
"03M241","STEM Institute of Manhattan","2016-17","124","0","17","14","20","28","17","28","0","0","0","0","0","0","0","58","46.8","66","53.2","4","3.2","59","47.6","52","41.9","2","1.6","7","5.6","47","37.9","24","19.4","112","90.3","83.5%"
"03M241","STEM Institute of Manhattan","2017-18","134","0","17","20","23","23","32","19","0","0","0","0","0","0","0","60","44.8","74","55.2","4","3.0","72","53.7","44","32.8","2","1.5","12","9.0","45","33.6","23","17.2","124","92.5","89.5%"
"03M242","P.S. 242 - The Young Diplomats Magnet Academy","2013-14","223","18","28","28","40","38","41","30","0","0","0","0","0","0","0","103","46.2","120","53.8","1","0.4","145","65.0","66","29.6","5","2.2","6","2.7","73","32.7","21","9.4","201","90.1","No Data"
"03M242","P.S. 242 - The Young Diplomats Magnet Academy","2014-15","221","14","35","35","25","31","43","38","0","0","0","0","0","0","0","98","44.3","123","55.7","2","0.9","149","67.4","58","26.2","5","2.3","7","3.2","75","33.9","21","9.5","207","93.7","88.2%"
"03M242","P.S. 242 - The Young Diplomats Magnet Academy","2015-16","214","18","30","28","36","31","27","44","0","0","0","0","0","0","0","91","42.5","123","57.5","2","0.9","140","65.4","61","28.5","6","2.8","5","2.3","65","30.4","14","6.5","179","83.6","81.7%"
"03M242","P.S. 242 - The Young Diplomats Magnet Academy","2016-17","187","18","33","28","28","26","29","25","0","0","0","0","0","0","0","85","45.5","102","54.5","2","1.1","117","62.6","55","29.4","6","3.2","7","3.7","52","27.8","8","4.3","164","87.7","82.6%"
"03M242","P.S. 242 - The Young Diplomats Magnet Academy","2017-18","170","18","15","35","19","26","27","30","0","0","0","0","0","0","0","80","47.1","90","52.9","1","0.6","102","60.0","56","32.9","8","4.7","3","1.8","45","26.5","6","3.5","150","88.2","87.5%"
"03M243","M.S. 243 Center School","2013-14","229","0","0","0","0","0","0","63","54","58","54","0","0","0","0","112","48.9","117","51.1","16","7.0","39","17.0","25","10.9","4","1.7","145","63.3","17","7.4","0","0.0","25","10.9","No Data"
"03M243","M.S. 243 Center School","2014-15","230","0","0","0","0","0","0","57","64","52","57","0","0","0","0","113","49.1","117","50.9","19","8.3","34","14.8","29","12.6","4","1.7","144","62.6","21","9.1","2","0.9","28","12.2","18.4%"
"03M243","M.S. 243 Center School","2015-16","236","0","0","0","0","0","0","61","58","61","56","0","0","0","0","122","51.7","114","48.3","19","8.1","35","14.8","28","11.9","9","3.8","145","61.4","26","11.0","0","0.0","29","12.3","18.8%"
"03M243","M.S. 243 Center School","2016-17","234","0","0","0","0","0","0","59","61","57","57","0","0","0","0","123","52.6","111","47.4","16","6.8","30","12.8","34","14.5","12","5.1","142","60.7","29","12.4","0","0.0","15","6.4","16.6%"
"03M243","M.S. 243 Center School","2017-18","235","0","0","0","0","0","0","60","61","57","57","0","0","0","0","124","52.8","111","47.2","14","6.0","27","11.5","43","18.3","15","6.4","136","57.9","33","14.0","0","0.0","28","11.9","21.9%"
"03M245","M.S. M245 The Computer School","2013-14","411","0","0","0","0","0","0","0","141","137","133","0","0","0","0","219","53.3","192","46.7","36","8.8","72","17.5","100","24.3","10","2.4","193","47.0","67","16.3","7","1.7","147","35.8","No Data"
"03M245","M.S. M245 The Computer School","2014-15","412","0","0","0","0","0","0","0","136","139","137","0","0","0","0","232","56.3","180","43.7","30","7.3","70","17.0","106","25.7","16","3.9","190","46.1","73","17.7","9","2.2","126","30.6","28.1%"
"03M245","M.S. M245 The Computer School","2015-16","405","0","0","0","0","0","0","0","138","134","133","0","0","0","0","230","56.8","175","43.2","24","5.9","55","13.6","105","25.9","18","4.4","203","50.1","75","18.5","13","3.2","99","24.4","24.3%"
"03M245","M.S. M245 The Computer School","2016-17","401","0","0","0","0","0","0","0","135","137","129","0","0","0","0","233","58.1","168","41.9","21","5.2","50","12.5","115","28.7","19","4.7","196","48.9","77","19.2","7","1.7","95","23.7","25.2%"
"03M245","M.S. M245 The Computer School","2017-18","400","0","0","0","0","0","0","0","134","134","132","0","0","0","0","210","52.5","190","47.5","32","8.0","48","12.0","110","27.5","19","4.7","191","47.7","77","19.2","8","2.0","109","27.3","31.0%"
"03M247","M.S. M247 Dual Language Middle School","2013-14","195","0","0","0","0","0","0","0","62","68","65","0","0","0","0","107","54.9","88","45.1","0","0.0","1","0.5","194","99.5","0","0.0","0","0.0","44","22.6","53","27.2","183","93.8","No Data"
"03M247","M.S. M247 Dual Language Middle School","2014-15","197","0","0","0","0","0","0","0","66","62","69","0","0","0","0","108","54.8","89","45.2","0","0.0","1","0.5","196","99.5","0","0.0","0","0.0","47","23.9","51","25.9","192","97.5","79.6%"
"03M247","M.S. M247 Dual Language Middle School","2015-16","195","0","0","0","0","0","0","0","59","72","64","0","0","0","0","113","57.9","82","42.1","0","0.0","1","0.5","193","99.0","0","0.0","1","0.5","44","22.6","61","31.3","182","93.3","74.6%"
"03M247","M.S. M247 Dual Language Middle School","2016-17","211","0","0","0","0","0","0","0","74","64","73","0","0","0","0","114","54.0","97","46.0","0","0.0","2","0.9","207","98.1","0","0.0","2","0.9","46","21.8","59","28.0","194","91.9","72.5%"
"03M247","M.S. M247 Dual Language Middle School","2017-18","198","0","0","0","0","0","0","0","63","71","64","0","0","0","0","109","55.1","89","44.9","0","0.0","2","1.0","192","97.0","0","0.0","4","2.0","51","25.8","48","24.2","177","89.4","83.5%"
"03M250","M.S. 250 West Side Collaborative Middle School","2013-14","190","0","0","0","0","0","0","0","65","68","57","0","0","0","0","102","53.7","88","46.3","6","3.2","76","40.0","89","46.8","2","1.1","17","8.9","54","28.4","13","6.8","134","70.5","No Data"
"03M250","M.S. 250 West Side Collaborative Middle School","2014-15","189","0","0","0","0","0","0","0","60","66","63","0","0","0","0","99","52.4","90","47.6","7","3.7","66","34.9","96","50.8","2","1.1","18","9.5","51","27.0","12","6.3","131","69.3","64.4%"
"03M250","M.S. 250 West Side Collaborative Middle School","2015-16","181","0","0","0","0","0","0","0","58","61","62","0","0","0","0","81","44.8","100","55.2","4","2.2","58","32.0","99","54.7","3","1.7","17","9.4","48","26.5","10","5.5","132","72.9","66.5%"
"03M250","M.S. 250 West Side Collaborative Middle School","2016-17","190","0","0","0","0","0","0","0","67","62","61","0","0","0","0","79","41.6","111","58.4","5","2.6","52","27.4","107","56.3","4","2.1","22","11.6","54","28.4","10","5.3","139","73.2","69.2%"
"03M250","M.S. 250 West Side Collaborative Middle School","2017-18","178","0","0","0","0","0","0","0","58","60","60","0","0","0","0","80","44.9","98","55.1","2","1.1","53","29.8","94","52.8","12","6.7","17","9.6","51","28.7","12","6.7","127","71.3","73.4%"
"03M256","Lafayette Academy","2013-14","159","0","0","0","0","0","0","0","50","52","57","0","0","0","0","73","45.9","86","54.1","2","1.3","77","48.4","76","47.8","1","0.6","3","1.9","47","29.6","24","15.1","142","89.3","No Data"
"03M256","Lafayette Academy","2014-15","142","0","0","0","0","0","0","0","45","47","50","0","0","0","0","66","46.5","76","53.5","1","0.7","69","48.6","61","43.0","2","1.4","9","6.3","39","27.5","22","15.5","115","81.0","74.7%"
"03M256","Lafayette Academy","2015-16","138","0","0","0","0","0","0","0","37","57","44","0","0","0","0","55","39.9","83","60.1","3","2.2","70","50.7","52","37.7","3","2.2","10","7.2","40","29.0","26","18.8","115","83.3","70.6%"
"03M256","Lafayette Academy","2016-17","149","0","0","0","0","0","0","0","52","41","56","0","0","0","0","73","49.0","76","51.0","1","0.7","80","53.7","49","32.9","3","2.0","16","10.7","35","23.5","31","20.8","111","74.5","68.1%"
"03M256","Lafayette Academy","2017-18","138","0","0","0","0","0","0","0","42","48","48","0","0","0","0","70","50.7","68","49.3","2","1.4","69","50.0","48","34.8","5","3.6","14","10.1","33","23.9","22","15.9","116","84.1","81.5%"
"03M258","Community Action School - MS 258","2013-14","258","0","0","0","0","0","0","0","92","80","86","0","0","0","0","120","46.5","138","53.5","3","1.2","133","51.6","109","42.2","1","0.4","12","4.7","80","31.0","10","3.9","172","66.7","No Data"
"03M258","Community Action School - MS 258","2014-15","255","0","0","0","0","0","0","0","79","93","83","0","0","0","0","103","40.4","152","59.6","6","2.4","120","47.1","108","42.4","2","0.8","19","7.5","84","32.9","9","3.5","170","66.7","71.7%"
"03M258","Community Action School - MS 258","2015-16","235","0","0","0","0","0","0","0","63","82","90","0","0","0","0","103","43.8","132","56.2","4","1.7","105","44.7","100","42.6","1","0.4","25","10.6","77","32.8","7","3.0","178","75.7","67.2%"
"03M258","Community Action School - MS 258","2016-17","223","0","0","0","0","0","0","0","82","59","82","0","0","0","0","98","43.9","125","56.1","3","1.3","102","45.7","95","42.6","1","0.4","22","9.9","61","27.4","5","2.2","135","60.5","65.5%"
"03M258","Community Action School - MS 258","2017-18","223","0","0","0","0","0","0","0","81","84","58","0","0","0","0","105","47.1","118","52.9","3","1.3","95","42.6","104","46.6","1","0.4","20","9.0","55","24.7","9","4.0","168","75.3","72.3%"
"03M291","West End Secondary School","2015-16","136","0","0","0","0","0","0","0","136","0","0","0","0","0","0","83","61.0","53","39.0","6","4.4","13","9.6","24","17.6","7","5.1","86","63.2","29","21.3","3","2.2","25","18.4","17.5%"
"03M291","West End Secondary School","2016-17","240","0","0","0","0","0","0","0","107","133","0","0","0","0","0","143","59.6","97","40.4","15","6.3","17","7.1","54","22.5","10","4.2","144","60.0","59","24.6","4","1.7","53","22.1","19.7%"
"03M291","West End Secondary School","2017-18","339","0","0","0","0","0","0","0","104","102","133","0","0","0","0","196","57.8","143","42.2","27","8.0","20","5.9","64","18.9","15","4.4","213","62.8","76","22.4","3","0.9","64","18.9","18.8%"
"03M299","The Maxine Greene HS for Imaginative Inquiry","2013-14","435","0","0","0","0","0","0","0","0","0","0","157","110","92","76","213","49.0","222","51.0","2","0.5","174","40.0","247","56.8","3","0.7","9","2.1","91","20.9","58","13.3","365","83.9","No Data"
"03M299","The Maxine Greene HS for Imaginative Inquiry","2014-15","447","0","0","0","0","0","0","0","0","0","0","153","125","88","81","229","51.2","218","48.8","2","0.4","173","38.7","261","58.4","6","1.3","5","1.1","101","22.6","57","12.8","364","81.4","75.3%"
"03M299","The Maxine Greene HS for Imaginative Inquiry","2015-16","426","0","0","0","0","0","0","0","0","0","0","153","105","90","78","232","54.5","194","45.5","3","0.7","160","37.6","250","58.7","7","1.6","6","1.4","94","22.1","53","12.4","345","81.0","76.0%"
"03M299","The Maxine Greene HS for Imaginative Inquiry","2016-17","442","0","0","0","0","0","0","0","0","0","0","142","135","78","87","241","54.5","201","45.5","6","1.4","165","37.3","250","56.6","11","2.5","10","2.3","96","21.7","55","12.4","349","79.0","76.3%"
"03M299","The Maxine Greene HS for Imaginative Inquiry","2017-18","378","0","0","0","0","0","0","0","0","0","0","104","122","85","67","206","54.5","172","45.5","6","1.6","133","35.2","219","57.9","13","3.4","7","1.9","93","24.6","42","11.1","310","82.0","86.7%"
"03M307","Urban Assembly School for Media Studies, The","2013-14","387","0","0","0","0","0","0","0","0","0","0","114","112","100","61","195","50.4","192","49.6","9","2.3","133","34.4","229","59.2","5","1.3","11","2.8","79","20.4","44","11.4","303","78.3","No Data"
"03M307","Urban Assembly School for Media Studies, The","2014-15","412","0","0","0","0","0","0","0","0","0","0","125","110","90","87","221","53.6","191","46.4","9","2.2","150","36.4","237","57.5","9","2.2","7","1.7","85","20.6","39","9.5","312","75.7","72.6%"
"03M307","Urban Assembly School for Media Studies, The","2015-16","403","0","0","0","0","0","0","0","0","0","0","109","119","92","83","215","53.3","188","46.7","12","3.0","151","37.5","220","54.6","10","2.5","10","2.5","81","20.1","35","8.7","291","72.2","72.7%"
"03M307","Urban Assembly School for Media Studies, The","2016-17","408","0","0","0","0","0","0","0","0","0","0","107","116","102","83","217","53.2","191","46.8","11","2.7","157","38.5","220","53.9","12","2.9","8","2.0","74","18.1","26","6.4","325","79.7","72.6%"
"03M307","Urban Assembly School for Media Studies, The","2017-18","397","0","0","0","0","0","0","0","0","0","0","102","105","105","85","211","53.1","185","46.6","10","2.5","136","34.3","231","58.2","11","2.8","9","2.3","61","15.4","28","7.1","339","85.4","84.2%"
"03M333","P.S. 333 Manhattan School for Children","2013-14","771","0","115","110","104","91","81","86","62","62","60","0","0","0","0","374","48.5","397","51.5","48","6.2","90","11.7","130","16.9","21","2.7","482","62.5","151","19.6","14","1.8","146","18.9","No Data"
"03M333","P.S. 333 Manhattan School for Children","2014-15","759","0","100","109","102","100","88","80","61","61","58","0","0","0","0","364","48.0","395","52.0","50","6.6","77","10.1","129","17.0","16","2.1","487","64.2","139","18.3","14","1.8","130","17.1","22.4%"
"03M333","P.S. 333 Manhattan School for Children","2015-16","742","0","99","103","97","95","94","80","58","57","58","1","0","0","0","373","50.3","369","49.7","49","6.6","79","10.6","124","16.7","30","4.0","460","62.0","139","18.7","7","0.9","117","15.8","23.6%"
"03M333","P.S. 333 Manhattan School for Children","2016-17","756","0","99","106","100","103","93","86","67","51","51","0","0","0","0","391","51.7","365","48.3","42","5.6","89","11.8","128","16.9","37","4.9","460","60.8","143","18.9","9","1.2","117","15.5","23.9%"
"03M333","P.S. 333 Manhattan School for Children","2017-18","753","0","90","101","100","99","98","88","64","63","50","0","0","0","0","382","50.7","371","49.3","45","6.0","86","11.4","135","17.9","43","5.7","444","59.0","140","18.6","17","2.3","132","17.5","28.8%"
"03M334","The Anderson School","2013-14","576","0","50","56","56","56","84","82","65","64","63","0","0","0","0","306","53.1","270","46.9","166","28.8","32","5.6","49","8.5","10","1.7","319","55.4","17","3.0","2","0.3","56","9.7","No Data"
"03M334","The Anderson School","2014-15","574","0","49","56","58","60","55","80","90","62","64","0","0","0","0","301","52.4","273","47.6","161","28.0","26","4.5","53","9.2","27","4.7","307","53.5","20","3.5","1","0.2","57","9.9","13.0%"
"03M334","The Anderson School","2015-16","559","0","50","56","56","60","59","52","90","74","62","0","0","0","0","292","52.2","267","47.8","157","28.1","24","4.3","48","8.6","35","6.3","295","52.8","19","3.4","1","0.2","56","10.0","12.9%"
"03M334","The Anderson School","2016-17","551","0","50","58","58","57","57","57","64","76","74","0","0","0","0","280","50.8","271","49.2","146","26.5","20","3.6","48","8.7","37","6.7","300","54.4","31","5.6","0","0.0","45","8.2","11.1%"
"03M334","The Anderson School","2017-18","537","0","50","58","60","57","55","53","64","64","76","0","0","0","0","266","49.5","271","50.5","145","27.0","15","2.8","49","9.1","53","9.9","275","51.2","35","6.5","1","0.2","45","8.4","14.2%"
"03M402","The Urban Assembly School for Green Careers","2013-14","395","0","0","0","0","0","0","0","0","0","0","141","98","90","66","160","40.5","235","59.5","8","2.0","97","24.6","282","71.4","4","1.0","4","1.0","91","23.0","85","21.5","362","91.6","No Data"
"03M402","The Urban Assembly School for Green Careers","2014-15","353","0","0","0","0","0","0","0","0","0","0","109","106","67","71","150","42.5","203","57.5","4","1.1","82","23.2","254","72.0","4","1.1","9","2.5","93","26.3","57","16.1","322","91.2","80.4%"
"03M402","The Urban Assembly School for Green Careers","2015-16","333","0","0","0","0","0","0","0","0","0","0","88","105","71","69","133","39.9","200","60.1","7","2.1","92","27.6","219","65.8","5","1.5","10","3.0","100","30.0","48","14.4","310","93.1","78.9%"
"03M402","The Urban Assembly School for Green Careers","2016-17","319","0","0","0","0","0","0","0","0","0","0","71","102","62","84","142","44.5","177","55.5","5","1.6","86","27.0","206","64.6","8","2.5","14","4.4","89","27.9","44","13.8","272","85.3","75.5%"
"03M402","The Urban Assembly School for Green Careers","2017-18","311","0","0","0","0","0","0","0","0","0","0","87","76","77","71","143","46.0","167","53.7","7","2.3","85","27.3","191","61.4","7","2.3","21","6.8","79","25.4","40","12.9","263","84.6","81.6%"
"03M403","The Global Learning Collaborative","2013-14","480","0","0","0","0","0","0","0","0","0","0","141","151","105","83","223","46.5","257","53.5","16","3.3","131","27.3","305","63.5","2","0.4","26","5.4","107","22.3","72","15.0","439","91.5","No Data"
"03M403","The Global Learning Collaborative","2014-15","496","0","0","0","0","0","0","0","0","0","0","128","121","113","134","241","48.6","255","51.4","12","2.4","123","24.8","330","66.5","4","0.8","27","5.4","118","23.8","66","13.3","429","86.5","76.7%"
"03M403","The Global Learning Collaborative","2015-16","452","0","0","0","0","0","0","0","0","0","0","112","124","103","113","208","46.0","244","54.0","10","2.2","105","23.2","310","68.6","6","1.3","21","4.6","99","21.9","66","14.6","381","84.3","77.4%"
"03M403","The Global Learning Collaborative","2016-17","428","0","0","0","0","0","0","0","0","0","0","106","113","98","111","201","47.0","227","53.0","8","1.9","105","24.5","291","68.0","5","1.2","19","4.4","83","19.4","69","16.1","325","75.9","74.4%"
"03M403","The Global Learning Collaborative","2017-18","436","0","0","0","0","0","0","0","0","0","0","119","90","123","104","202","46.3","234","53.7","10","2.3","107","24.5","292","67.0","9","2.1","18","4.1","86","19.7","67","15.4","355","81.4","85.9%"
"03M404","Innovation Diploma Plus","2013-14","192","0","0","0","0","0","0","0","0","0","0","8","80","63","41","102","53.1","90","46.9","19","9.9","45","23.4","127","66.1","0","0.0","1","0.5","18","9.4","6","3.1","151","78.6","No Data"
"03M404","Innovation Diploma Plus","2014-15","202","0","0","0","0","0","0","0","0","0","0","5","58","74","65","104","51.5","98","48.5","8","4.0","57","28.2","132","65.3","1","0.5","4","2.0","24","11.9","6","3.0","144","71.3","69.8%"
"03M404","Innovation Diploma Plus","2015-16","194","0","0","0","0","0","0","0","0","0","0","3","69","71","51","88","45.4","106","54.6","1","0.5","65","33.5","120","61.9","3","1.5","5","2.6","23","11.9","4","2.1","132","68.0","70.7%"
"03M404","Innovation Diploma Plus","2016-17","174","0","0","0","0","0","0","0","0","0","0","0","56","56","62","89","51.1","85","48.9","1","0.6","61","35.1","109","62.6","3","1.7","0","0.0","24","13.8","1","0.6","133","76.4","75.2%"
"03M404","Innovation Diploma Plus","2017-18","188","0","0","0","0","0","0","0","0","0","0","0","45","65","78","94","50.0","94","50.0","2","1.1","70","37.2","113","60.1","0","0.0","3","1.6","26","13.8","4","2.1","151","80.3","84.1%"
"03M415","Wadleigh Secondary School for the Performing & Vis","2013-14","531","0","0","0","0","0","0","0","25","18","31","178","115","80","84","362","68.2","169","31.8","7","1.3","292","55.0","228","42.9","0","0.0","4","0.8","110","20.7","30","5.6","382","71.9","No Data"
"03M415","Wadleigh Secondary School for the Performing & Vis","2014-15","445","0","0","0","0","0","0","0","14","19","14","97","117","77","107","294","66.1","151","33.9","8","1.8","237","53.3","193","43.4","4","0.9","3","0.7","100","22.5","22","4.9","318","71.5","77.3%"
"03M415","Wadleigh Secondary School for the Performing & Vis","2015-16","377","0","0","0","0","0","0","0","19","13","14","98","86","68","79","242","64.2","135","35.8","7","1.9","198","52.5","164","43.5","4","1.1","4","1.1","92","24.4","17","4.5","259","68.7","78.2%"
"03M415","Wadleigh Secondary School for the Performing & Vis","2016-17","309","0","0","0","0","0","0","0","20","15","12","76","69","46","71","195","63.1","114","36.9","3","1.0","171","55.3","124","40.1","6","1.9","5","1.6","78","25.2","10","3.2","204","66.0","74.4%"
"03M415","Wadleigh Secondary School for the Performing & Vis","2017-18","278","0","0","0","0","0","0","0","34","24","16","70","51","43","40","188","67.6","90","32.4","2","0.7","150","54.0","109","39.2","9","3.2","8","2.9","71","25.5","9","3.2","225","80.9","84.1%"
"03M417","Frank Mccourt High School","2013-14","373","0","0","0","0","0","0","0","0","0","0","106","87","109","71","208","55.8","165","44.2","38","10.2","57","15.3","156","41.8","11","2.9","111","29.8","67","18.0","4","1.1","192","51.5","No Data"
"03M417","Frank Mccourt High School","2014-15","387","0","0","0","0","0","0","0","0","0","0","110","95","82","100","229","59.2","158","40.8","34","8.8","61","15.8","156","40.3","13","3.4","123","31.8","68","17.6","5","1.3","196","50.6","44.3%"
"03M417","Frank Mccourt High School","2015-16","386","0","0","0","0","0","0","0","0","0","0","110","110","93","73","221","57.3","165","42.7","28","7.3","71","18.4","158","40.9","17","4.4","112","29.0","62","16.1","1","0.3","189","49.0","45.5%"
"03M417","Frank Mccourt High School","2016-17","411","0","0","0","0","0","0","0","0","0","0","129","94","102","86","232","56.4","179","43.6","22","5.4","71","17.3","179","43.6","16","3.9","123","29.9","85","20.7","4","1.0","214","52.1","44.7%"
"03M417","Frank Mccourt High School","2017-18","411","0","0","0","0","0","0","0","0","0","0","114","103","102","92","224","54.5","186","45.3","17","4.1","64","15.6","184","44.8","25","6.1","121","29.4","82","20.0","10","2.4","226","55.0","49.0%"
"03M421","West Prep Academy","2013-14","214","0","0","0","0","0","0","0","72","65","77","0","0","0","0","86","40.2","128","59.8","3","1.4","112","52.3","91","42.5","0","0.0","8","3.7","47","22.0","15","7.0","152","71.0","No Data"
"03M421","West Prep Academy","2014-15","195","0","0","0","0","0","0","0","69","63","63","0","0","0","0","78","40.0","117","60.0","4","2.1","106","54.4","72","36.9","3","1.5","10","5.1","58","29.7","13","6.7","132","67.7","73.6%"
"03M421","West Prep Academy","2015-16","190","0","0","0","0","0","0","0","63","67","60","0","0","0","0","92","48.4","98","51.6","3","1.6","99","52.1","74","38.9","4","2.1","10","5.3","59","31.1","9","4.7","127","66.8","73.8%"
"03M421","West Prep Academy","2016-17","201","0","0","0","0","0","0","0","68","65","68","0","0","0","0","99","49.3","102","50.7","3","1.5","116","57.7","71","35.3","4","2.0","7","3.5","60","29.9","14","7.0","139","69.2","73.5%"
"03M421","West Prep Academy","2017-18","203","0","0","0","0","0","0","0","55","74","74","0","0","0","0","102","50.2","101","49.8","1","0.5","123","60.6","74","36.5","1","0.5","4","2.0","70","34.5","13","6.4","174","85.7","80.6%"
"03M452","P.S. 452","2013-14","220","0","62","46","54","58","0","0","0","0","0","0","0","0","0","102","46.4","118","53.6","25","11.4","19","8.6","23","10.5","20","9.1","133","60.5","51","23.2","4","1.8","24","10.9","No Data"
"03M452","P.S. 452","2014-15","286","0","62","64","50","52","58","0","0","0","0","0","0","0","0","136","47.6","150","52.4","30","10.5","24","8.4","35","12.2","13","4.5","184","64.3","65","22.7","6","2.1","32","11.2","14.9%"
"03M452","P.S. 452","2015-16","325","0","60","55","58","50","49","53","0","0","0","0","0","0","0","159","48.9","166","51.1","34","10.5","27","8.3","41","12.6","14","4.3","209","64.3","63","19.4","7","2.2","44","13.5","16.0%"
"03M452","P.S. 452","2016-17","319","0","66","55","53","55","47","43","0","0","0","0","0","0","0","154","48.3","165","51.7","31","9.7","24","7.5","30","9.4","17","5.3","217","68.0","63","19.7","7","2.2","31","9.7","12.3%"
"03M452","P.S. 452","2017-18","336","54","61","39","42","41","50","49","0","0","0","0","0","0","0","161","47.9","175","52.1","35","10.4","38","11.3","52","15.5","14","4.2","197","58.6","69","20.5","12","3.6","75","22.3","25.0%"
"03M479","Beacon High School","2013-14","1276","0","0","0","0","0","0","0","0","0","0","294","377","299","306","803","62.9","473","37.1","118","9.2","187","14.7","313","24.5","52","4.1","606","47.5","66","5.2","0","0.0","369","28.9","No Data"
"03M479","Beacon High School","2014-15","1285","0","0","0","0","0","0","0","0","0","0","324","296","369","296","831","64.7","454","35.3","113","8.8","174","13.5","294","22.9","77","6.0","627","48.8","74","5.8","1","0.1","363","28.2","27.7%"
"03M479","Beacon High School","2015-16","1306","0","0","0","0","0","0","0","0","0","0","328","321","291","366","839","64.2","467","35.8","100","7.7","178","13.6","285","21.8","55","4.2","688","52.7","94","7.2","3","0.2","327","25.0","26.2%"
"03M479","Beacon High School","2016-17","1304","0","0","0","0","0","0","0","0","0","0","362","329","326","287","840","64.4","463","35.5","105","8.1","177","13.6","260","19.9","92","7.1","670","51.4","103","7.9","3","0.2","323","24.8","26.3%"
"03M479","Beacon High School","2017-18","1380","0","0","0","0","0","0","0","0","0","0","390","359","312","319","868","62.9","510","37.0","121","8.8","186","13.5","262","19.0","116","8.4","695","50.4","133","9.6","4","0.3","341","24.7","29.4%"
"03M485","Fiorello H. LaGuardia High School of Music & Art a","2013-14","2730","0","0","0","0","0","0","0","0","0","0","686","693","668","683","1990","72.9","740","27.1","530","19.4","317","11.6","520","19.0","109","4.0","1254","45.9","56","2.1","4","0.1","876","32.1","No Data"
"03M485","Fiorello H. LaGuardia High School of Music & Art a","2014-15","2635","0","0","0","0","0","0","0","0","0","0","624","675","674","662","1926","73.1","709","26.9","512","19.4","298","11.3","506","19.2","141","5.4","1178","44.7","61","2.3","1","0.0","811","30.8","25.8%"
"03M485","Fiorello H. LaGuardia High School of Music & Art a","2015-16","2713","0","0","0","0","0","0","0","0","0","0","753","641","651","668","1999","73.7","714","26.3","518","19.1","313","11.5","528","19.5","158","5.8","1196","44.1","69","2.5","1","0.0","825","30.4","25.8%"
"03M485","Fiorello H. LaGuardia High School of Music & Art a","2016-17","2697","0","0","0","0","0","0","0","0","0","0","680","754","622","641","2017","74.8","680","25.2","525","19.5","297","11.0","468","17.4","227","8.4","1180","43.8","66","2.4","2","0.1","783","29.0","24.9%"
"03M485","Fiorello H. LaGuardia High School of Music & Art a","2017-18","2809","0","0","0","0","0","0","0","0","0","0","807","669","724","609","2126","75.7","679","24.2","559","19.9","281","10.0","485","17.3","223","7.9","1261","44.9","75","2.7","6","0.2","806","28.7","30.7%"
"03M492","High School for Law, Advocacy and Community Justic","2013-14","531","0","0","0","0","0","0","0","0","0","0","178","148","111","94","284","53.5","247","46.5","6","1.1","233","43.9","272","51.2","7","1.3","13","2.4","91","17.1","44","8.3","473","89.1","No Data"
"03M492","High School for Law, Advocacy and Community Justic","2014-15","510","0","0","0","0","0","0","0","0","0","0","186","132","95","97","284","55.7","226","44.3","12","2.4","214","42.0","268","52.5","4","0.8","12","2.4","83","16.3","30","5.9","461","90.4","76.0%"
"03M492","High School for Law, Advocacy and Community Justic","2015-16","501","0","0","0","0","0","0","0","0","0","0","160","147","99","95","276","55.1","225","44.9","11","2.2","200","39.9","279","55.7","1","0.2","10","2.0","97","19.4","22","4.4","442","88.2","74.5%"
"03M492","High School for Law, Advocacy and Community Justic","2016-17","498","0","0","0","0","0","0","0","0","0","0","185","126","105","82","288","57.8","210","42.2","12","2.4","185","37.1","289","58.0","3","0.6","9","1.8","88","17.7","33","6.6","452","90.8","73.7%"
"03M492","High School for Law, Advocacy and Community Justic","2017-18","466","0","0","0","0","0","0","0","0","0","0","145","129","87","105","269","57.7","197","42.3","11","2.4","162","34.8","276","59.2","4","0.9","13","2.8","92","19.7","26","5.6","412","88.4","82.2%"
"03M494","High School of Arts and Technology","2013-14","588","0","0","0","0","0","0","0","0","0","0","177","124","164","123","188","32.0","400","68.0","25","4.3","184","31.3","357","60.7","7","1.2","15","2.6","120","20.4","73","12.4","546","92.9","No Data"
"03M494","High School of Arts and Technology","2014-15","594","0","0","0","0","0","0","0","0","0","0","178","191","101","124","198","33.3","396","66.7","24","4.0","190","32.0","352","59.3","12","2.0","16","2.7","131","22.1","63","10.6","545","91.8","77.3%"
"03M494","High School of Arts and Technology","2015-16","576","0","0","0","0","0","0","0","0","0","0","231","173","92","80","198","34.4","378","65.6","11","1.9","195","33.9","346","60.1","11","1.9","13","2.3","127","22.0","54","9.4","520","90.3","76.5%"
"03M494","High School of Arts and Technology","2016-17","542","0","0","0","0","0","0","0","0","0","0","148","178","125","91","183","33.8","359","66.2","19","3.5","199","36.7","304","56.1","7","1.3","13","2.4","134","24.7","56","10.3","506","93.4","77.2%"
"03M494","High School of Arts and Technology","2017-18","504","0","0","0","0","0","0","0","0","0","0","167","132","114","91","174","34.5","329","65.3","25","5.0","173","34.3","282","56.0","10","2.0","14","2.8","121","24.0","54","10.7","423","83.9","85.6%"
"03M505","Edward A. Reynolds West Side High School","2013-14","522","0","0","0","0","0","0","0","0","0","0","1","138","194","189","273","52.3","249","47.7","7","1.3","177","33.9","326","62.5","4","0.8","8","1.5","103","19.7","25","4.8","454","87.0","No Data"
"03M505","Edward A. Reynolds West Side High School","2014-15","526","0","0","0","0","0","0","0","0","0","0","1","169","138","218","263","50.0","263","50.0","8","1.5","135","25.7","374","71.1","3","0.6","6","1.1","129","24.5","28","5.3","459","87.3","69.9%"
"03M505","Edward A. Reynolds West Side High School","2015-16","535","0","0","0","0","0","0","0","0","0","0","1","178","179","177","254","47.5","281","52.5","6","1.1","145","27.1","373","69.7","3","0.6","8","1.5","147","27.5","35","6.5","500","93.5","71.2%"
"03M505","Edward A. Reynolds West Side High School","2016-17","492","0","0","0","0","0","0","0","0","0","0","10","192","166","124","230","46.7","262","53.3","3","0.6","112","22.8","356","72.4","3","0.6","18","3.7","161","32.7","43","8.7","451","91.7","70.4%"
"03M505","Edward A. Reynolds West Side High School","2017-18","500","0","0","0","0","0","0","0","0","0","0","11","229","179","81","239","47.8","261","52.2","2","0.4","136","27.2","338","67.6","4","0.8","20","4.0","154","30.8","59","11.8","489","97.8","85.4%"
"03M541","Manhattan / Hunter Science High School","2013-14","460","0","0","0","0","0","0","0","0","0","0","126","105","109","120","271","58.9","189","41.1","103","22.4","87","18.9","188","40.9","23","5.0","59","12.8","29","6.3","1","0.2","306","66.5","No Data"
"03M541","Manhattan / Hunter Science High School","2014-15","451","0","0","0","0","0","0","0","0","0","0","114","127","105","105","262","58.1","189","41.9","117","25.9","74","16.4","171","37.9","30","6.7","59","13.1","42","9.3","0","0.0","281","62.3","48.5%"
"03M541","Manhattan / Hunter Science High School","2015-16","443","0","0","0","0","0","0","0","0","0","0","105","113","127","98","247","55.8","196","44.2","113","25.5","65","14.7","168","37.9","29","6.5","68","15.3","53","12.0","2","0.5","267","60.3","45.8%"
"03M541","Manhattan / Hunter Science High School","2016-17","451","0","0","0","0","0","0","0","0","0","0","113","104","113","121","251","55.7","200","44.3","113","25.1","74","16.4","164","36.4","23","5.1","77","17.1","60","13.3","2","0.4","280","62.1","43.1%"
"03M541","Manhattan / Hunter Science High School","2017-18","442","0","0","0","0","0","0","0","0","0","0","110","115","104","113","250","56.6","192","43.4","124","28.1","70","15.8","146","33.0","19","4.3","83","18.8","62","14.0","1","0.2","269","60.9","52.5%"
"03M859","Special Music School","2013-14","191","0","14","14","16","15","16","15","17","16","17","51","0","0","0","99","51.8","92","48.2","34","17.8","28","14.7","17","8.9","23","12.0","89","46.6","20","10.5","5","2.6","27","14.1","No Data"
"03M859","Special Music School","2014-15","231","0","14","16","16","15","15","15","14","17","17","45","47","0","0","120","51.9","111","48.1","40","17.3","33","14.3","28","12.1","28","12.1","102","44.2","27","11.7","1","0.4","37","16.0","26.1%"
"03M859","Special Music School","2015-16","277","0","13","15","16","16","15","15","16","15","16","39","49","52","0","140","50.5","137","49.5","44","15.9","37","13.4","40","14.4","36","13.0","120","43.3","38","13.7","2","0.7","52","18.8","27.6%"
"03M859","Special Music School","2016-17","314","0","13","15","15","16","16","15","15","16","14","44","38","47","50","153","48.7","161","51.3","50","15.9","43","13.7","42","13.4","46","14.6","133","42.4","41","13.1","2","0.6","57","18.2","27.0%"
"03M859","Special Music School","2017-18","314","0","13","15","14","15","16","16","16","14","16","40","53","41","45","160","51.0","154","49.0","45","14.3","38","12.1","47","15.0","47","15.0","137","43.6","32","10.2","1","0.3","64","20.4","31.4%"
"03M860","Frederick Douglass Academy II Secondary School","2013-14","429","0","0","0","0","0","0","0","34","22","57","107","64","78","67","180","42.0","249","58.0","11","2.6","314","73.2","94","21.9","9","2.1","1","0.2","109","25.4","38","8.9","341","79.5","No Data"
"03M860","Frederick Douglass Academy II Secondary School","2014-15","411","0","0","0","0","0","0","0","27","32","29","90","100","55","78","179","43.6","232","56.4","10","2.4","288","70.1","100","24.3","7","1.7","6","1.5","95","23.1","37","9.0","301","73.2","78.7%"
"03M860","Frederick Douglass Academy II Secondary School","2015-16","390","0","0","0","0","0","0","0","9","26","34","86","96","85","54","174","44.6","216","55.4","8","2.1","266","68.2","105","26.9","6","1.5","5","1.3","91","23.3","32","8.2","268","68.7","77.2%"
"03M860","Frederick Douglass Academy II Secondary School","2016-17","386","0","0","0","0","0","0","0","11","8","30","111","95","75","56","153","39.6","233","60.4","11","2.8","247","64.0","114","29.5","8","2.1","6","1.6","95","24.6","36","9.3","277","71.8","76.0%"
"03M860","Frederick Douglass Academy II Secondary School","2017-18","354","0","0","0","0","0","0","0","13","19","9","87","92","73","61","122","34.5","232","65.5","10","2.8","226","63.8","110","31.1","4","1.1","4","1.1","86","24.3","41","11.6","284","80.2","84.9%"
"03M862","Mott Hall II","2013-14","345","0","0","0","0","0","0","0","114","117","114","0","0","0","0","185","53.6","160","46.4","17","4.9","86","24.9","159","46.1","5","1.4","78","22.6","51","14.8","7","2.0","198","57.4","No Data"
"03M862","Mott Hall II","2014-15","338","0","0","0","0","0","0","0","109","117","112","0","0","0","0","184","54.4","154","45.6","25","7.4","86","25.4","131","38.8","9","2.7","87","25.7","54","16.0","5","1.5","146","43.2","45.6%"
"03M862","Mott Hall II","2015-16","345","0","0","0","0","0","0","0","120","111","114","0","0","0","0","185","53.6","160","46.4","22","6.4","91","26.4","128","37.1","13","3.8","91","26.4","63","18.3","7","2.0","174","50.4","44.7%"
"03M862","Mott Hall II","2016-17","342","0","0","0","0","0","0","0","115","117","110","0","0","0","0","168","49.1","174","50.9","22","6.4","90","26.3","127","37.1","23","6.7","80","23.4","72","21.1","9","2.6","167","48.8","45.3%"
"03M862","Mott Hall II","2017-18","342","0","0","0","0","0","0","0","105","116","121","0","0","0","0","160","46.8","182","53.2","15","4.4","91","26.6","148","43.3","22","6.4","66","19.3","79","23.1","7","2.0","212","62.0","57.9%"
"04M007","P.S. 007 Samuel Stern","2013-14","391","28","36","35","38","29","44","27","48","54","52","0","0","0","0","189","48.3","202","51.7","13","3.3","102","26.1","252","64.5","7","1.8","17","4.3","106","27.1","62","15.9","328","83.9","No Data"
"04M007","P.S. 007 Samuel Stern","2014-15","385","27","39","39","33","39","27","47","39","43","52","0","0","0","0","189","49.1","196","50.9","7","1.8","111","28.8","245","63.6","6","1.6","16","4.2","111","28.8","52","13.5","324","84.2","89.0%"
"04M007","P.S. 007 Samuel Stern","2015-16","372","28","27","39","41","33","37","26","55","44","42","0","0","0","0","173","46.5","199","53.5","12","3.2","112","30.1","229","61.6","5","1.3","14","3.8","110","29.6","46","12.4","299","80.4","86.7%"
"04M007","P.S. 007 Samuel Stern","2016-17","375","25","31","32","40","37","30","37","48","53","42","0","0","0","0","178","47.5","197","52.5","12","3.2","97","25.9","250","66.7","5","1.3","11","2.9","109","29.1","50","13.3","314","83.7","87.9%"
"04M007","P.S. 007 Samuel Stern","2017-18","357","20","25","26","29","41","40","29","53","43","51","0","0","0","0","174","48.7","183","51.3","10","2.8","98","27.5","234","65.5","6","1.7","9","2.5","95","26.6","47","13.2","323","90.5","93.8%"
"04M012","Tag Young Scholars","2013-14","533","0","51","59","62","83","59","60","56","50","53","0","0","0","0","276","51.8","257","48.2","157","29.5","180","33.8","122","22.9","17","3.2","57","10.7","26","4.9","0","0.0","281","52.7","No Data"
"04M012","Tag Young Scholars","2014-15","538","0","52","57","59","59","84","59","66","54","48","0","0","0","0","270","50.2","268","49.8","165","30.7","152","28.3","123","22.9","28","5.2","70","13.0","28","5.2","0","0.0","270","50.2","41.3%"
"04M012","Tag Young Scholars","2015-16","561","0","49","63","53","62","65","99","57","61","52","0","0","0","0","283","50.4","278","49.6","193","34.4","139","24.8","109","19.4","38","6.8","82","14.6","30","5.3","1","0.2","264","47.1","39.0%"
"04M012","Tag Young Scholars","2016-17","569","0","51","62","61","63","60","64","95","55","58","0","0","0","0","278","48.9","291","51.1","203","35.7","118","20.7","106","18.6","50","8.8","92","16.2","31","5.4","0","0.0","240","42.2","37.0%"
"04M012","Tag Young Scholars","2017-18","587","0","47","62","66","63","66","61","80","86","56","0","0","0","0","284","48.4","303","51.6","228","38.8","109","18.6","100","17.0","60","10.2","90","15.3","27","4.6","0","0.0","226","38.5","40.2%"
"04M037","River East Elementary","2013-14","208","0","28","21","42","37","46","34","0","0","0","0","0","0","0","109","52.4","99","47.6","1","0.5","103","49.5","102","49.0","0","0.0","2","1.0","50","24.0","9","4.3","179","86.1","No Data"
"04M037","River East Elementary","2014-15","221","16","30","26","20","46","43","40","0","0","0","0","0","0","0","114","51.6","107","48.4","0","0.0","98","44.3","118","53.4","0","0.0","5","2.3","54","24.4","10","4.5","191","86.4","76.2%"
"04M037","River East Elementary","2015-16","203","13","31","32","24","20","39","44","0","0","0","0","0","0","0","101","49.8","102","50.2","0","0.0","91","44.8","104","51.2","4","2.0","4","2.0","52","25.6","9","4.4","173","85.2","77.5%"
"04M037","River East Elementary","2016-17","182","13","26","27","35","25","23","33","0","0","0","0","0","0","0","90","49.5","92","50.5","0","0.0","79","43.4","96","52.7","4","2.2","3","1.6","42","23.1","8","4.4","151","83.0","79.4%"
"04M037","River East Elementary","2017-18","192","17","30","25","27","41","28","24","0","0","0","0","0","0","0","87","45.3","105","54.7","0","0.0","73","38.0","103","53.6","6","3.1","10","5.2","51","26.6","9","4.7","166","86.5","86.5%"
"04M038","P.S. 38 Roberto Clemente","2013-14","283","35","31","49","32","45","47","44","0","0","0","0","0","0","0","146","51.6","137","48.4","19","6.7","93","32.9","160","56.5","3","1.1","8","2.8","88","31.1","39","13.8","261","92.2","No Data"
"04M038","P.S. 38 Roberto Clemente","2014-15","265","26","47","33","38","35","45","41","0","0","0","0","0","0","0","128","48.3","137","51.7","14","5.3","88","33.2","151","57.0","4","1.5","8","3.0","77","29.1","33","12.5","255","96.2","90.8%"
"04M038","P.S. 38 Roberto Clemente","2015-16","252","27","40","40","38","40","25","42","0","0","0","0","0","0","0","123","48.8","129","51.2","11","4.4","77","30.6","153","60.7","5","2.0","6","2.4","71","28.2","24","9.5","247","98.0","91.5%"
"04M038","P.S. 38 Roberto Clemente","2016-17","226","27","35","31","50","29","28","26","0","0","0","0","0","0","0","108","47.8","118","52.2","8","3.5","81","35.8","127","56.2","5","2.2","5","2.2","69","30.5","25","11.1","212","93.8","91.2%"
"04M038","P.S. 38 Roberto Clemente","2017-18","213","26","30","31","33","37","31","25","0","0","0","0","0","0","0","117","54.9","96","45.1","12","5.6","64","30.0","131","61.5","1","0.5","5","2.3","64","30.0","31","14.6","195","91.5","92.8%"
"04M050","P.S. 050 Vito Marcantonio","2013-14","304","0","34","35","26","27","29","34","36","48","35","0","0","0","0","152","50.0","152","50.0","3","1.0","116","38.2","176","57.9","3","1.0","6","2.0","117","38.5","25","8.2","256","84.2","No Data"
"04M050","P.S. 050 Vito Marcantonio","2014-15","338","0","36","42","37","28","34","36","32","36","57","0","0","0","0","170","50.3","168","49.7","3","0.9","124","36.7","204","60.4","3","0.9","4","1.2","112","33.1","29","8.6","285","84.3","88.2%"
"04M050","P.S. 050 Vito Marcantonio","2015-16","288","0","31","35","37","35","27","31","27","28","37","0","0","0","0","132","45.8","156","54.2","3","1.0","130","45.1","152","52.8","2","0.7","1","0.3","90","31.3","28","9.7","240","83.3","88.3%"
"04M050","P.S. 050 Vito Marcantonio","2016-17","247","0","22","25","36","38","27","26","27","22","24","0","0","0","0","123","49.8","124","50.2","3","1.2","109","44.1","131","53.0","2","0.8","2","0.8","79","32.0","15","6.1","210","85.0","87.7%"
"04M050","P.S. 050 Vito Marcantonio","2017-18","251","0","25","28","30","37","36","21","28","26","20","0","0","0","0","121","48.2","130","51.8","6","2.4","97","38.6","145","57.8","1","0.4","2","0.8","71","28.3","16","6.4","239","95.2","96.1%"
"04M057","James Weldon Johnson","2013-14","843","36","73","94","103","104","107","97","96","64","69","0","0","0","0","410","48.6","433","51.4","29","3.4","217","25.7","574","68.1","4","0.5","19","2.3","217","25.7","123","14.6","692","82.1","No Data"
"04M057","James Weldon Johnson","2014-15","856","36","72","88","101","95","105","102","98","97","62","0","0","0","0","402","47.0","454","53.0","34","4.0","222","25.9","578","67.5","4","0.5","18","2.1","243","28.4","113","13.2","707","82.6","87.5%"
"04M057","James Weldon Johnson","2015-16","851","36","63","88","80","93","94","105","95","99","98","0","0","0","0","419","49.2","432","50.8","33","3.9","218","25.6","574","67.5","7","0.8","19","2.2","237","27.8","106","12.5","711","83.5","88.2%"
"04M057","James Weldon Johnson","2016-17","833","36","72","78","83","79","99","96","98","95","97","0","0","0","0","417","50.1","416","49.9","34","4.1","206","24.7","567","68.1","10","1.2","16","1.9","225","27.0","102","12.2","694","83.3","88.4%"
"04M057","James Weldon Johnson","2017-18","818","36","70","77","76","88","84","98","96","95","98","0","0","0","0","403","49.3","415","50.7","29","3.5","213","26.0","551","67.4","11","1.3","14","1.7","224","27.4","85","10.4","719","87.9","92.7%"
"04M072","The Lexington Academy","2013-14","500","54","73","79","70","85","58","81","0","0","0","0","0","0","0","248","49.6","252","50.4","6","1.2","74","14.8","406","81.2","2","0.4","12","2.4","120","24.0","87","17.4","455","91.0","No Data"
"04M072","The Lexington Academy","2014-15","563","49","74","73","63","75","80","61","88","0","0","0","0","0","0","287","51.0","276","49.0","7","1.2","85","15.1","459","81.5","2","0.4","10","1.8","123","21.8","80","14.2","535","95.0","86.0%"
"04M072","The Lexington Academy","2015-16","638","44","80","65","72","54","71","82","86","84","0","0","0","0","0","308","48.3","330","51.7","6","0.9","80","12.5","529","82.9","2","0.3","21","3.3","149","23.4","69","10.8","591","92.6","83.9%"
"04M072","The Lexington Academy","2016-17","687","39","58","72","64","67","57","72","89","86","83","0","0","0","0","326","47.5","361","52.5","16","2.3","91","13.2","559","81.4","3","0.4","18","2.6","162","23.6","74","10.8","589","85.7","81.4%"
"04M072","The Lexington Academy","2017-18","620","26","63","51","60","66","62","63","66","81","82","0","0","0","0","299","48.2","321","51.8","16","2.6","86","13.9","499","80.5","2","0.3","17","2.7","151","24.4","74","11.9","559","90.2","90.9%"
"04M083","P.S. 083 Luis Munoz Rivera","2013-14","460","18","77","83","74","68","70","70","0","0","0","0","0","0","0","220","47.8","240","52.2","50","10.9","106","23.0","283","61.5","6","1.3","15","3.3","82","17.8","41","8.9","405","88.0","No Data"
"04M083","P.S. 083 Luis Munoz Rivera","2014-15","445","18","60","86","79","68","64","70","0","0","0","0","0","0","0","204","45.8","241","54.2","58","13.0","97","21.8","274","61.6","5","1.1","11","2.5","97","21.8","30","6.7","392","88.1","75.3%"
"04M083","P.S. 083 Luis Munoz Rivera","2015-16","439","18","64","63","80","79","70","65","0","0","0","0","0","0","0","214","48.7","225","51.3","56","12.8","88","20.0","280","63.8","3","0.7","12","2.7","94","21.4","40","9.1","397","90.4","73.4%"
"04M083","P.S. 083 Luis Munoz Rivera","2016-17","457","18","61","73","77","80","83","65","0","0","0","0","0","0","0","218","47.7","239","52.3","58","12.7","86","18.8","289","63.2","6","1.3","18","3.9","97","21.2","49","10.7","411","89.9","69.9%"
"04M083","P.S. 083 Luis Munoz Rivera","2017-18","439","18","53","65","68","72","76","87","0","0","0","0","0","0","0","214","48.7","225","51.3","54","12.3","79","18.0","279","63.6","7","1.6","20","4.6","92","21.0","47","10.7","393","89.5","83.4%"
"04M096","P.S. 096 Joseph Lanzetta","2013-14","506","32","55","38","55","56","52","55","63","43","57","0","0","0","0","237","46.8","269","53.2","4","0.8","141","27.9","349","69.0","4","0.8","8","1.6","149","29.4","93","18.4","408","80.6","No Data"
"04M096","P.S. 096 Joseph Lanzetta","2014-15","455","15","41","49","41","51","51","48","54","60","45","0","0","0","0","209","45.9","246","54.1","5","1.1","132","29.0","305","67.0","3","0.7","10","2.2","136","29.9","96","21.1","365","80.2","89.7%"
"04M096","P.S. 096 Joseph Lanzetta","2015-16","458","17","31","43","53","46","45","56","56","53","58","0","0","0","0","220","48.0","238","52.0","7","1.5","119","26.0","313","68.3","5","1.1","14","3.1","148","32.3","82","17.9","368","80.3","90.3%"
"04M096","P.S. 096 Joseph Lanzetta","2016-17","450","8","38","27","38","50","43","41","54","73","78","0","0","0","0","209","46.4","241","53.6","9","2.0","120","26.7","303","67.3","5","1.1","13","2.9","140","31.1","88","19.6","418","92.9","91.2%"
"04M096","P.S. 096 Joseph Lanzetta","2017-18","397","14","30","35","32","34","47","38","47","55","65","0","0","0","0","179","45.1","218","54.9","9","2.3","101","25.4","270","68.0","5","1.3","12","3.0","123","31.0","81","20.4","373","94.0","96.5%"
"04M102","P.S. 102 Jacques Cartier","2013-14","317","27","47","60","56","44","35","48","0","0","0","0","0","0","0","149","47.0","168","53.0","17","5.4","89","28.1","194","61.2","8","2.5","9","2.8","98","30.9","39","12.3","278","87.7","No Data"
"04M102","P.S. 102 Jacques Cartier","2014-15","316","26","46","50","60","58","41","35","0","0","0","0","0","0","0","134","42.4","182","57.6","17","5.4","91","28.8","190","60.1","6","1.9","12","3.8","95","30.1","33","10.4","282","89.2","80.2%"
"04M102","P.S. 102 Jacques Cartier","2015-16","282","14","40","47","48","54","43","36","0","0","0","0","0","0","0","122","43.3","160","56.7","23","8.2","85","30.1","156","55.3","6","2.1","12","4.3","82","29.1","35","12.4","246","87.2","78.3%"
